File,Algorithm,Hash,Entropy
byte0000.dat,MD5,d41d8cd98f00b204e9800998ecf8427e,4.0
byte0000.dat,SHA-1,da39a3ee5e6b4b0d3255bfef95601890afd80709,4.321928094887363
byte0000.dat,SHA-256,e3b0c44298fc1c149afbf4c8996fb92427ae41e4649b934ca495991b7852b855,4.9375
byte0000.dat,SHA3-256,a7ffc6f8bf1ed76651c14756a061d662f580ff4de43b49fa82d80a4b80f8434a,4.8125
byte0000.dat,Blake2b,786a02f742015903c6c6fd852552d272912f4740e15847618a86e217f71f5419d25e1031afee585313896444934eb04b903a685b1448b755d56f701afe9be2ce,5.8125
byte0001.dat,MD5,c3e97dd6e97fb5125688c97f36720cbe,3.75
byte0001.dat,SHA-1,3cdf2936da2fc556bfa533ab1eb59ce710ac80e5,4.321928094887363
byte0001.dat,SHA-256,09fc96082d34c2dfc1295d92073b5ea1dc8ef8da95f14dfded011ffb96d3e54b,4.9375
byte0001.dat,SHA3-256,5ecdbae446010644dd235353f132c03fa21a1e6020a86e1672cbf1a693db5428,4.875
byte0001.dat,Blake2b,388a507aa909e01f549b7fd8e6094b0438e8a1ecc4db0d95812f716ed4b3507a8f2381451727ce5bf4f7550b5b75fb0efc5b74c500bf21c89a21e99d9c26594c,5.738204882778696
byte0002.dat,MD5,038701ca277a9d4de87bff428dd30a12,4.0
byte0002.dat,SHA-1,19c1e2048fa7393cfbf2d310ad8209ec11d996e5,4.321928094887363
byte0002.dat,SHA-256,33a633841666a5c291a82bfae65deac5c537d05f9fe926cbb5b7281bf90ad150,4.875
byte0002.dat,SHA3-256,c18943887ed4be1f7249c2f7618ff56e8fcf9ddfe32b1c54c6df6dd6554b8595,4.875
byte0002.dat,Blake2b,f5077dc7474847082dafb2e3395d3b68777736c57715ec020a1c29e9e7d53f41289967511082839b29782fa3332cd0f12f1c54afbccb0a87d1f3b7523f8fe5f3,5.675704882778696
byte0003.dat,MD5,bc60c6192e361d99b59d47250668a852,4.0
byte0003.dat,SHA-1,ca775d8c80faa6f87fa62beca6ca6089d63b56e5,3.9841837197791894
byte0003.dat,SHA-256,8e2cc699f7e677265069f172d4cba15c146e954d7e4f2a8c176576035275b7a0,5.0
byte0003.dat,SHA3-256,3e09a52f68aedf9b0a477912cdc872982ef60e9d2810141144bcd16150da5d4e,5.0
byte0003.dat,Blake2b,95ebd5cd68a14bbac2fd3798268a679c25a53baafaf49f54695457249229c8cf72afa42f8543d13d058618fab0da2521085885a3d462ffb8043a5bad3c543e17,5.831954882778696
byte0004.dat,MD5,542c3a0ab6b51bc6a88fa7bb567bca3e,4.0
byte0004.dat,SHA-1,71ac973d0e4b50ae9e5043ff4d615381120a25a0,4.221928094887363
byte0004.dat,SHA-256,8096d72b968a2dbb7ceee163c1981f7f1ec11ee10051b2dc2a8d7601d4e56971,4.75
byte0004.dat,SHA3-256,65c632e8970a177e33791885406ff4c1a004b05e3831437cf18fbfd1c59c906a,5.0
byte0004.dat,Blake2b,e0937a283c9183e5ce17dffa6af8fc90380d98ea7c12a7cdd55b6452be510199ff6e3e6e61fbbf7340b7056dde56a67640ed5eff31ffe4b41a400a527c646252,5.683364648336087
byte0005.dat,MD5,e035f9e748a2a09a4fbdcf18c4f58bf1,4.0
byte0005.dat,SHA-1,a6b5b9f854cfb76701c3bddbf374b3094ea49cba,4.321928094887363
byte0005.dat,SHA-256,2cc06402328f034d1909fa7b95f34cdb5585ce7f9096bc4082c97904921f6304,4.9375
byte0005.dat,SHA3-256,e4952415e45724882761099cc2d3e56c4d26837333cb3cadd07dcea6710e8285,4.875
byte0005.dat,Blake2b,4886f80fcfe767d292a1ed834fafbce4e17834095160764eca560654f4dd11744cad8e473f83afeeaf8339443029d89041d5366c2d0412212ac7efe81c308c5d,5.820159765557392
byte0006.dat,MD5,3b4cc9226a236742d72578c5915b6c3c,4.0
byte0006.dat,SHA-1,d87a0ee74e4b9ad72e6847c87bdeeb3d07844380,4.321928094887363
byte0006.dat,SHA-256,99a8d6823b803a8d41ed7c26322b4ac8fdc86ce4457ffaaf8600e99595f1577a,4.875
byte0006.dat,SHA3-256,4d11a1913fee47cb7b28765f4352b8d0ef250f25ce07b7b92acc01cbd96ca824,4.875
byte0006.dat,Blake2b,2deb7287c7dc8b93ac08d5ba4c7bd265cc3f21e769c7e7a120921956a20694908f9a481e7b565b157b7e0cfba694ca0129ef832b093c676677d1b24e57389f12,5.800704882778696
byte0007.dat,MD5,35950208a022baac90056636827158ce,4.0
byte0007.dat,SHA-1,1976b8dd509fe66bf09c9a8d33534d4ef4f63bfd,4.321928094887363
byte0007.dat,SHA-256,5d73704556bd458af1b90383d98591c1d01894d99b394fb7647d3d0cbd45f9a0,4.726409765557392
byte0007.dat,SHA3-256,01d6b4c9653b72b9fb9f8c2b79e1805c237dd4e87386be4b8cbadcef537e44b5,4.9375
byte0007.dat,Blake2b,7ab3eeb3e88a479d73eaccbe883c836e589894f421d90f4760b10460ffc4130b4ebfe8822c2a8dcd917ae17a9d580de04928154b207e9eeac25799d367000a80,5.706954882778696
byte0008.dat,MD5,84cedff2ed1b78b395cc8651094f4ce3,4.0
byte0008.dat,SHA-1,5a78f439b6db845bb8a558e4ceb106cd7b7ff783,4.321928094887363
byte0008.dat,SHA-256,3b9606c772ea20bf2889732b034f9fd476ceddefe8ec4e3704c5993e38dace1b,4.9375
byte0008.dat,SHA3-256,1e1533a1890c427d3addbda61511bae61f5a6cedeb944625746a3758ddd15a9b,4.8125
byte0008.dat,Blake2b,cadb9bc25d8d9dae435391f107bf539e97bfa7cdcbcfdd24188941e35f27d5c5121a768fab8c84f6e5cb166c7528eda2beac676faea9aaed94f65014f466e21e,5.8125
byte0009.dat,MD5,7badf748f4cb700272a72edfea22e9bf,4.0
byte0009.dat,SHA-1,f871bce62436c1e280357416695ee2ef9b83695c,4.1219280948873624
byte0009.dat,SHA-256,b858d7c61b67e1688c267ca83b57dd0947c4e5acc4eb3d130fbd92222b66a9ab,4.9375
byte0009.dat,SHA3-256,ca2028b909b9d1c3cff0072e8f316b3b7f9017ab0abdb2a9d86fef9fbbd06f9d,4.875
byte0009.dat,Blake2b,34d19da688ffb718b9442d54b1cff47c73ba2428861413ef258eb88d2cba2ffb9d721686959ef8089f9f462e8fac70cd8daba05285a617e3353011d143daee02,5.78125
byte0010.dat,MD5,a1bb6e142739dbdb0925747d95e0a1ad,3.75
byte0010.dat,SHA-1,62b243d1b780e1d31cf1ba2de3f01c72aeea0e47,4.221928094887363
byte0010.dat,SHA-256,87574390294ef6d212b6d8c44ebd5c88e932036dadd0b827c6cb25cd120bfdf6,4.8125
byte0010.dat,SHA3-256,e9c84444c7d93e7e0ff104bf15b4ad0fad5f183b0f2ac0ff24b63e35c9a95fe8,4.601409765557392
byte0010.dat,Blake2b,951c00a943962173a3dc9c99327efb8a5a0c0feff261b46f1776306bc17ff7d9a9842dfcaeac1e1b7895fb55f5915c64724e1ddbbef323cf22f69086cc75b08e,5.90625
byte0011.dat,MD5,0cd9b72dfdee8efd2e1515f4c5a62284,3.75
byte0011.dat,SHA-1,1698994a273404848e56e7fda4457b5900de1342,4.321928094887363
byte0011.dat,SHA-256,afe90242f095e967523c12333b0093d4e532a0db0f27dcc25d44d23ffb62094b,4.9375
byte0011.dat,SHA3-256,fe6a4222059f6d2a6201f71f03f6e53b1aeb99e3e884740823070263fa63cea8,4.9375
byte0011.dat,Blake2b,5ad8da671bcdad81b80d56941ec8de4e80ac96c9df21506b5cef27d760a388341e7d43696c85b259a871770a7f9163a7b0d07ecdf9de9c8cb879dbb166d9a101,5.875
byte0012.dat,MD5,ef07c13e75d50578d09052aa21a7cffb,4.0
byte0012.dat,SHA-1,056f4cdc02791da7ed1eb2303314f7667518deef,4.321928094887363
byte0012.dat,SHA-256,55731252db2418c49f15d7f0f146c6506589f016a82c72cf8a6276ac6bd123c7,4.9375
byte0012.dat,SHA3-256,e6ffc13f11c05d31b6fd57fc00f325a2f017f709c242f0bbb6631616985af08c,4.726409765557392
byte0012.dat,Blake2b,3926f09b33fce44d82014a6cecb2b4d3cf0a6b00417c8d29b7b0bb46bbc361c153b5477c1e3bbbec7e307fdb6ea91fbcba28a2578acf4174b6f06e67e6956786,5.706954882778696
byte0013.dat,MD5,cf3b261af9344bf83b4dd82b30242c78,3.875
byte0013.dat,SHA-1,9fe2da967bd8441eea1c32df68ddaa9dc1fc8e4b,4.321928094887363
byte0013.dat,SHA-256,c2e0ed603bfa67292b78a29264e409a2e0c98482cdb59cf4fe7cafff69853d11,4.875
byte0013.dat,SHA3-256,c4bababe94f65adf4f36823b39146ec0d946c3a189f9d5550bdc9bcbe30f2745,4.9375
byte0013.dat,Blake2b,f322760c7ab69f063b0f269ca225deb358724fa5292de854e8caa88edc3114a86dc50709797b2983b50edb6a4af57f44fd2b343449e67587ec188d26288a8d8b,5.8125
byte0014.dat,MD5,530710f65fb98fff8eb927e2938cb8c5,3.875
byte0014.dat,SHA-1,73a31777b4ace9384efa8bbead45c51a71aba6dd,4.321928094887363
byte0014.dat,SHA-256,517f007a8b65d4197411c35b14edb1340490a9be7a6c66b8c827b1e101a05b5c,4.8125
byte0014.dat,SHA3-256,22ba2adb31863668944bc5788e0c67d537eb4642288c12f98b5bc9ecd375ea05,5.0
byte0014.dat,Blake2b,ca3f82d77922fced12bbfe0cafd95314311326bae5fd93a773a316b61b2a03eadab0bde6ed9bb0217269c6e3924bb661f909780e93f180ce05128462ad8c33e3,5.8125
byte0015.dat,MD5,4e6d73658b27e19d4bb4500625001e39,4.0
byte0015.dat,SHA-1,3f9d7c4e2384eddabff5dd8a31e23de3d03f42ac,4.221928094887363
byte0015.dat,SHA-256,76c977fdc97261cd0956ce1319476d314bc57d8691c7884cd0a7ff3cf825c31f,4.9375
byte0015.dat,SHA3-256,42cb49a08041f06e803dfaaf038ecae46dd5f07e0dc624fdc2cb567bef49e347,4.75
byte0015.dat,Blake2b,7ec1be5cee53aa14c0064e17601904b2def5730358394e54b3e1590a9b8a06fd5de0579c2253765d2fdd00a5a9a7f2fd3d69c69961d132d7ffe6cf725c5b699b,5.75
byte0016.dat,MD5,c8e5f2f272b1ef88ec62dd0d9d54e902,3.875
byte0016.dat,SHA-1,4814908f72b93ffd011135bee347de9a08da838f,4.221928094887363
byte0016.dat,SHA-256,f10c26637ea8ca2d0898fa661f087f13f174fe0ca1c91862ce3b6127c3430f51,4.8125
byte0016.dat,SHA3-256,724101f0e4cbf84edc96fb59e435fd557d5d18680f5bcf59fd808e1a7df4a677,4.75
byte0016.dat,Blake2b,4ce3c1d246533d0eba62de20392fcbf12ee74c8fbce9a55b6bc7fdda66ddb9b2889c6f1abc42a6ab44380443cd78c5fedc998b894712036c3854dac9c668af73,5.875
byte0017.dat,MD5,031cbf1fb05b4ec09f3c93235d0f49ac,4.0
byte0017.dat,SHA-1,0978374b67a412a3102c5aa0b10e1a6596fc68eb,4.321928094887363
byte0017.dat,SHA-256,679b95521601c0ba63ce882046abd7a8cdb8e78d5c0ee9f38c21dc47ca846195,4.9375
byte0017.dat,SHA3-256,4b80536d6280e6ca07700349176c59b431f8c7e78e0a59a474bdb23603a333d1,4.8125
byte0017.dat,Blake2b,4dc6d6cf5414d08a91fa0a0fc4b6fb71cd37667b3ddb88c37c52fb7aebc7ccaa782c24dbb1816e5e4b6d90b3d981a8f019ce55c90a844bb3cf09a9ad52ec51c1,5.75
byte0018.dat,MD5,8c0e1400df02ba8c4809b705e5f5e114,3.75
byte0018.dat,SHA-1,44ad6cb618bd935460d46d3f921d87b99ab91c1e,4.221928094887363
byte0018.dat,SHA-256,af369f2162152e43847b4d0c595dcf2d27059563909425f37928bc01090f2f34,5.0
byte0018.dat,SHA3-256,1e824abf55f1c3139dccb414290863d215a57efb5190294b86695c78c17050a9,4.9375
byte0018.dat,Blake2b,e66b97bc04297ea7eef6aa816a7292202d281c5193364950b515021a320ea00b77174b00946a45f58202a0386e643f2179d80d2a10bb118a0eda7eca61c4e090,5.84375
byte0019.dat,MD5,57ec48278e19f71f54c570a5ab306df7,3.875
byte0019.dat,SHA-1,02dc989af265b09cf8485640842128dcf95e9f39,4.221928094887363
byte0019.dat,SHA-256,7e1f6f080a60c402bb9c39578f75afc148a0746c656ca243f75038b82304bdf5,4.9375
byte0019.dat,SHA3-256,b77695334c0adf167c2455038b767de39f144b15a2bc4e6d7a0fa0152e2babed,4.875
byte0019.dat,Blake2b,4a52e383c890bb0d8a74792aa5d18d5cea6bd0994882eaf59b732c62ffaeab11213396c2e775982ccd1a3f31a6d6026420af65bcd0123a11df4ea25f1a9f15ba,5.84375
byte0020.dat,MD5,ecd3dc346a2337b95389a094a031610f,3.875
byte0020.dat,SHA-1,67507b8d497b35d6e99fc01976d73f54aeca75cf,4.221928094887363
byte0020.dat,SHA-256,8d6df02738597d95e2eb9e870d4177339728d9ab8b8d61aa96f0b6d1b5ad6efd,4.875
byte0020.dat,SHA3-256,d243775efbc0c95bdce19bc5995037e6b397daa0c765f7d6864b12b1b9b21085,5.0
byte0020.dat,Blake2b,a8e4e008f373303ca9685ace36c94c35953de8b5f30a74de9ab612f7d38acbff065a9e1b090b613a446f44d4eb1da84ce19039f0454fc3a07aff27d1257a1d46,5.75
byte0021.dat,MD5,f11d91eae492225cbd82ef356aa96f9f,4.0
byte0021.dat,SHA-1,1eae0373c1317cb60c36a42a867b716039d441f5,4.321928094887363
byte0021.dat,SHA-256,d0a9699291dead3f6fba3b648c28537a04caea4b96b145802c06125a17c3faba,4.9375
byte0021.dat,SHA3-256,659531d2b94b109d19fb4fa32c529d70b326e595135b7db20b4b5adb710a130c,4.75
byte0021.dat,Blake2b,ce6d9b7c265e1d35c0807e8bf2760557f5c636d53151fd502efbd4ba28fe60da572c283f486e1ec903d125701a86c25043ba13181c6b09e0031295e30660109c,5.8125
byte0022.dat,MD5,26bd8b480216c723ce75da98b9bd430c,3.875
byte0022.dat,SHA-1,9c3834589e5bffac9f50950e0199b3ec2620bec8,4.321928094887363
byte0022.dat,SHA-256,d504026213b322cbcb0dbadd6a1fc6c708825019da9bac7aec973f750cbf2d3d,4.9375
byte0022.dat,SHA3-256,4cd8bf8bad84062d4fad44b9fc3330bfc2a0b6b0bd6abf88eb626d3bc9cda623,4.788909765557392
byte0022.dat,Blake2b,470d85f2fae820bb2d0bdcd7c1f6b747683bbf75dec7a4db84ad347757d52ba682db13144d5eaa4a460ce977f735243753b9480a8402af8afa5ce811660c8609,5.78125
byte0023.dat,MD5,80999c2d12f623e4f87e0550a8e3523a,4.0
byte0023.dat,SHA-1,209f7abc7f3b878ee46cdf3a1fbb9c21c3474f32,4.321928094887363
byte0023.dat,SHA-256,66c1a2578b41c3a200296e85d4d30a1876f8ca5cb941ffb1420e04d8e37149a5,4.875
byte0023.dat,SHA3-256,b2d8812433d3eb3f81e350ebb695b7212d268211bbd2d289d643db4089355d5a,4.75
byte0023.dat,Blake2b,b95569fd1b60c524e24e50db7a0b21bfed7f53ed31212ea01687bc246cc3a97aba8a9c5b2c52679dedad1d55fb4bed9cae04dbbc02e02fff157985dc2266c439,5.65625
byte0024.dat,MD5,00945c1bd739ce389ac24bb93f6f9a85,3.875
byte0024.dat,SHA-1,05fc054b00d97753a9b3e2da8fbba3ee808cef22,4.221928094887363
byte0024.dat,SHA-256,b8a87b047350912e4861e4aab7d1046d5372797ecea81d187f8e2c117db535dd,4.875
byte0024.dat,SHA3-256,8277dc6759536994882c0e0a3c1c94e6763699bb4bbb6cb928a2becb5139bc47,4.875
byte0024.dat,Blake2b,e2d32d8fce726788a182fdbb3df9aa11aead97a6372fa25128b84a62b2dcc7ad3737686fca4ef6e8ba9a55dce17afead29b307fc23c40a5a1fb9650c85a6a6e2,5.714614648336087
byte0025.dat,MD5,7ab55f0bd5dca5b17ecaa7fef73ed87b,4.0
byte0025.dat,SHA-1,0c4980ea3a46c757dfbfc5baa38ac6c8e72ddce7,4.221928094887363
byte0025.dat,SHA-256,8d2b52d4d4074d471d037cdf9eeb13c18ef9ce4949fce00d106ef0880f2db5ed,4.875
byte0025.dat,SHA3-256,cd982c1d0db2869c713d837fd831f0530020891066551feef1d175b80026dd11,4.9375
byte0025.dat,Blake2b,8734e92bd596a4504e583e100e1cb860325620937f845c6b95a2a02d1f95da0990305cc0ad948e66e51f2600ee181857d51f89108cf13ceab1a29d13f9095e9d,5.675704882778696
byte0026.dat,MD5,e3cedd606ad51dd18532abd3079a3e0c,4.0
byte0026.dat,SHA-1,96a460d2972d276928b69864445bea353bdcffd2,4.221928094887363
byte0026.dat,SHA-256,3d182e9928b2433c94255452170e59e3f4cca3dd29ea2e9b01e94e89da595393,4.875
byte0026.dat,SHA3-256,2e91c8232b4c0d4bf9113a9f11e1499511d1629dc3c7781162c888f121dc8b64,4.625
byte0026.dat,Blake2b,3d06597f470ab260822ff323501e3372cbe0752d4b9a2ced532378e7eadfa9b86bf60b80a9107420ae112e9fc38fb3347f7864dd41a4739042a7a5fb123f731b,5.84375
byte0027.dat,MD5,df5ecc6732e22cc25836398a10222e97,4.0
byte0027.dat,SHA-1,f3ef04d8fa8c6fa9850f394a4554c080956fa64b,4.221928094887363
byte0027.dat,SHA-256,17c3f5d88ed7f3f62be0e28913357d65916389c1633db8fb62b92e14230d3611,4.875
byte0027.dat,SHA3-256,afbc32284a3306122dd71f5709ae7dea1806536cb2a908b2bc1b49a9f282cbad,4.75
byte0027.dat,Blake2b,814249f8626f99602b553bcc2ffad193beccd558bf123d605b152ade89cf0976a8b5cd9e10d5952ced950ea4527a0dce20c2a556ab0644bd4a30b0b6262ecc87,5.831954882778696
byte0028.dat,MD5,863b6d9962ee3761bbb9cd8a8367589e,4.0
byte0028.dat,SHA-1,f2a31d875d1d7b30874d416c4d2ea6baf0ffbafe,3.9219280948873627
byte0028.dat,SHA-256,93788128441c894247bd9ccd6fc8af146c0ee76cdbe4e1c5a8dfa81dd0c338b4,4.875
byte0028.dat,SHA3-256,42be4c312a97d08d635fcd77b5543e3150e3d6fd7d725454c0b31291f506760b,4.788909765557392
byte0028.dat,Blake2b,41e2ea0b662b44080b8d86fd50880395ab97eded579412ec406e5febe450c9471c4c1607d40a007676f53c85ea90816b3ea5d2be245660da98897dd0cc488e6e,5.8125
byte0029.dat,MD5,683c9384e29efe82dd3ac847904c28e8,4.0
byte0029.dat,SHA-1,f4942d3b9e9588dcfdc6312a84df75d05f111c20,4.321928094887363
byte0029.dat,SHA-256,c7855ac54d2c5767273eec327efe39fdb3bad74121bdd8d2065484268727539e,4.9375
byte0029.dat,SHA3-256,2923faa1babba47fddbaf858b306a43c6a26407b37c15438d5d17f0aa99c30e1,4.8125
byte0029.dat,Blake2b,f39c1718927e3cdc7e7361f18228cabb1ab9ca59118175b7df13c2452bd8292f3f8d38e90e082c7328f78457712fda537a504a821da95caea19dcebbe9f37f87,5.71875
byte0030.dat,MD5,b3d948e72159ddc9c600d75512c5f115,4.0
byte0030.dat,SHA-1,310207df35b014e4676d30806fa34424813734dd,4.321928094887363
byte0030.dat,SHA-256,d1e1f2aca9cfe8c6460f576661190a8008705ef13207c4c7200a2d6b0605f519,4.875
byte0030.dat,SHA3-256,320730bc1c538d9c63ab2a80b4958cba4820e05611106c3f18c791a87567992f,5.0
byte0030.dat,Blake2b,09ba11138c06ad6087be03210032627c989802c88ac8cbf801be938bbb833ae8814904618d4476e07dac40d2998fe7828fe13d398f2addda55ef82ff6ab2cc86,5.800704882778696
byte0031.dat,MD5,ce8633a6cf189b07e022147bbbd0f350,4.0
byte0031.dat,SHA-1,4da1955b2fa7c7e74e3f47d7360ce530bbf57ca3,4.321928094887363
byte0031.dat,SHA-256,b1843454b0258016558abdbd899319c1fd12d03e0c3d9e882da03de9cb981777,4.875
byte0031.dat,SHA3-256,2bd14f66ffa52d8e219da5718af23005e81fddb68ba9bd135449122ec4d8eb26,4.9375
byte0031.dat,Blake2b,a7073091637d1b64c7c68ccd40a232f3d7b2d004ff67e951eab1f7441fae4b80f4c9e149f86c1c29bafed6e0b7af1ec2cdb7e8bf0a7b7ace8e997fd9ae7c0ada,5.875
byte0032.dat,MD5,8df17372eb32a0afa4fc47837262ff61,3.875
byte0032.dat,SHA-1,74c4bc5b26fb4a08602d40ccec6c6161b6c11478,4.221928094887363
byte0032.dat,SHA-256,2834dcb6957b97fdde61b532d151ee4482bface8714fe36cd072b4783765901d,5.0
byte0032.dat,SHA3-256,1428c2a20cd28770ce4809cad02e9732f6bd913364d120e62e800b29c7492e00,4.851409765557392
byte0032.dat,Blake2b,0e7237603e5ad0712787c27b870939ce5e877697e7b286a918bff1310896a4d360f574426de8388730187dd0cfcf0f7ace0ccdca8facda5cf643788a54c73f75,5.71875
byte0033.dat,MD5,62c63ca91890ce6f78a59c0bdb1e7bab,4.0
byte0033.dat,SHA-1,0b103ce297338dfc7395f7715ee47539b556ddb6,4.321928094887363
byte0033.dat,SHA-256,47d61de59879013f64eb78fa8f6c8b906f7d25b8e1c3ca888f32421749c0d042,4.875
byte0033.dat,SHA3-256,02b06ed136bf62dc5f08431f16ab522872da956e3760ffe3ac9dabf4f195d743,4.75
byte0033.dat,Blake2b,a0bd6233021f91bb9f82f67c179d7f6b70ebbf360654ddbf9bb1072541bf45778fd892cad84a470e51642b87d708cf7e26dd63fb15479a3aaa1df9696e9b2440,5.800704882778696
byte0034.dat,MD5,1eda4bb0259a939548ec4ceb39facde4,4.0
byte0034.dat,SHA-1,efc72d99e3d2311ce14190c0b726bdc68f4b0821,4.321928094887363
byte0034.dat,SHA-256,855fc59aa873328501ab0b1ce9c60a7d5582662c725605ebe02b64a13e34b3bc,4.9375
byte0034.dat,SHA3-256,7c11df6f9318ecda3921aed7aef8d1347f1def1bfeb871a518a55e40872631f4,4.8125
byte0034.dat,Blake2b,33b369a550717e0c3abf09c0475afea319c55b938e3b56f9a384173c68b3f7a1dd6781de4d6aa9ca0710fd6ddd409ddf30c26a65c5a6cf62f52a23611f7ea3cb,5.769454882778696
byte0035.dat,MD5,c4f37a2c450f2a23322513b372e668a5,4.0
byte0035.dat,SHA-1,660edac0a8f4ce33da0d8dbae597650e97687250,4.021928094887363
byte0035.dat,SHA-256,e05939e8ff4ed77a11522dde249a74841c54970d984e0bb6f77ac64f1fa313b0,4.875
byte0035.dat,SHA3-256,9461d6edbd28a401bdd92245aba5131f4d6d454ccf257ede5fa5498519f56d2d,4.75
byte0035.dat,Blake2b,7e1252045fdc111ee9adf78923ad0a70ca7114689306cbdd78f4ea9f0d50a789df44df14779877876d26173b690816ca56753cbba76b0402d119e34da0ce6e75,5.71875
byte0036.dat,MD5,cab8f06436c5ad45f982490215836f4e,4.0
byte0036.dat,SHA-1,fe0a55a988b3b93946a63eb36b23785a5e6efc3e,4.1219280948873624
byte0036.dat,SHA-256,078778fed0e382da5d7dd36f585e1f1aa9b92d4caf20b85c0f6dd346de8d3998,4.9375
byte0036.dat,SHA3-256,57cac5831cc2238068766f744144c4b34b31f407074fd5338249e5f3beb7733e,4.9375
byte0036.dat,Blake2b,d8775e4a142928acc819576d7c2e4d3da42660b5e67c45060d6bd90c32040de0983305abd5d1425c63455e70dd93cf8221d4979e91741417d17957bf17ee964e,5.75
byte0037.dat,MD5,3a43bc720714a2a42a73a76085542f86,4.0
byte0037.dat,SHA-1,0cbdf2a5781c59f907513147a0de3cc774b54bf3,4.321928094887363
byte0037.dat,SHA-256,263140810ae46430e19ac1a4a98b6204b63031b282ecb28594bd837268104308,4.8125
byte0037.dat,SHA3-256,fc5f137154b73ad235ef59313ec9b9ad798f705dcef022f57a2d3308fb7057ac,4.9375
byte0037.dat,Blake2b,715d7533bb7fa1f7ed3f646dca4b078781b3950333f8f0bf655728b86c77522a0ca56f3465f73e6bb11e20e67b5bebf6f7623d879990764ecb97e17797137bbb,5.706954882778696
byte0038.dat,MD5,03f2f4033b258e6eb1e101f1ed4c24b4,3.875
byte0038.dat,SHA-1,663e40fee5a44bfcb1c99ea5935a6b5bc9f583b0,4.221928094887363
byte0038.dat,SHA-256,ed39f65ea0e6cd8fb39bc5d94a1554dfd0002733e01618161d58a7b7dc8be834,4.9375
byte0038.dat,SHA3-256,8f5b4f5d12d670a08f04fd25f4cd351b458772b10094395df44fc9674fe20aff,4.663909765557392
byte0038.dat,Blake2b,c7c811660ad053041d63e733231e6cdedc68c634d023ef8cd95f2de83dcafbf9d90164cee3ca2d9545f27eaf984ea73a9a7adabdc547b0b82e6033310f2d4771,5.738204882778696
byte0039.dat,MD5,2ceb33cec5ecad4a50f6bd3a831ae77c,4.0
byte0039.dat,SHA-1,00162134256952dd9ae6b51efb159b35c3c138c7,4.321928094887363
byte0039.dat,SHA-256,89830272d1fd54040f9329a39c7f491f15eea851095e0bd2d0bb412baeda7445,5.0
byte0039.dat,SHA3-256,280bd2106ccc5e4991cb634192c42f39b6ce028462688b49aa6a29068ecc8896,4.875
byte0039.dat,Blake2b,4cc136d90641c8e46f895e216896e6545287e7bc78359054e2ce356b1e57956a5ab80d52a097ded87591e556255cdbbca05347c08d02cf02c7c43a07e03d5251,5.769454882778696
byte0040.dat,MD5,dd808f695d28f93562cfcb164bc3cce4,4.0
byte0040.dat,SHA-1,ceb88e4736e354416e2010fc1061b3b53b81664b,4.221928094887363
byte0040.dat,SHA-256,c9b63e8ac2e87494f98c9ece5d74f4540090c286166efdaedc6d59a0f623e5f8,4.875
byte0040.dat,SHA3-256,8f5cbaed9eb694235b79abaf175dd422e6c83bf11b3528e20a8883d55a0e4824,5.0
byte0040.dat,Blake2b,f816ce8d4f3185296d87bccd24fd42c1b13163c4ecd61921dc52964f18cec4159fd197221378dda8116448c3b5a68fbcc22688085793acd5693c75ad46850276,5.8125
byte0041.dat,MD5,01c6d7a87e94bf685205ec8d7c5196af,4.0
byte0041.dat,SHA-1,a6a2c4b6bcc41ddc67278f3df4d8d0b9dd7784ef,4.221928094887363
byte0041.dat,SHA-256,509e6b7dacb70bfa62f3964eba990b9c576fd2485c1040fefc8eab5f07269f4d,4.9375
byte0041.dat,SHA3-256,6ca8e1875635bf604de22ea9bd0bf3ae7c87e149c8055b46db1d304a3ceec93f,4.875
byte0041.dat,Blake2b,fe5def6fbce3795135e3c868872825d2cc408a5d5213214f34d0d9aed014465de921951b8e8878973031c3eaaa26ffff8aac0a4ab2bd3f45bc832349b54a09c0,5.706954882778696
byte0042.dat,MD5,ef0e93e8928f8bae1b216da8e661fc9b,4.0
byte0042.dat,SHA-1,c23d083cd8820b57800a869f5f261d45e02dc55d,4.321928094887363
byte0042.dat,SHA-256,8bb7546f64ce1cab770407de791ab25f7bfbac3e071810310ee674c2824e59ac,4.875
byte0042.dat,SHA3-256,8e836895d50e635bbda2820b2f80b77a7ceb1e31887c24f05cf1b74d744c32ba,4.875
byte0042.dat,Blake2b,9ecc5abf78b68de45bc59c26b800c5bc150ab3c91e2d062a63c9de7975476f854015aea4845cd0aa97bd18153debe512aa5aa0265a98fdb6eda46d4a87260e4f,5.620864648336087
byte0043.dat,MD5,c8da55117d7d4b7ee8ddc8dc4ba73aa6,3.625
byte0043.dat,SHA-1,e8ac31927b78ddec41a31ca7a44eb7177165e7ab,4.321928094887363
byte0043.dat,SHA-256,ac5bf3cad821e7ad8b2ed7bbfbaaa5e7abb30606afd8ed5d6a18a0d0eba343d3,4.8125
byte0043.dat,SHA3-256,4885954ae28af7b951106548220611df72e808ea2a3f9283053ad7f3eef20006,4.875
byte0043.dat,Blake2b,d968ec543c02015f62024b665b2f3b0da1d89a5fda3d37fc268d50a863b345379a28ac84329942ed312d45aa02b60aec6d35bbb450100dcbbe006a6326652893,5.613204882778696
byte0044.dat,MD5,bbfc64583c6d4c2ef4b0358464d4d028,3.875
byte0044.dat,SHA-1,e864ec5dbab0f9ff6984ab6ad43a8c9b81cc9f9c,4.321928094887363
byte0044.dat,SHA-256,f7995f433d17bee25f44c918de82eb147b3bfef24045ff8fb17ffedf559e06b7,4.875
byte0044.dat,SHA3-256,1bf606c55fb1652b1553ac7a72c60e1f244f10578b0f1706bc75fae27853ff4e,4.875
byte0044.dat,Blake2b,3db493e40dcd78b2b37a7fed75a93e620ef421637393f5b63bb7f08a4133df7326fee2afcab6c0455dca12479ce78dfd0f137464dfb7bea7dc22231cf9aa1532,5.8125
byte0045.dat,MD5,3bb5864481f2e66387419dd1a168aadc,4.0
byte0045.dat,SHA-1,cfed6269069417a84d6de2347220f4b858bcd530,4.321928094887363
byte0045.dat,SHA-256,2c465ddc53e88894a2279e30b9e6feb064c66b15dcf5a38722f5c92d65a84bab,4.875
byte0045.dat,SHA3-256,e3ac48537bb53421e9ff7f5380f9e2b6368a62bf8bd04b9d053429048f2fdcb7,4.875
byte0045.dat,Blake2b,00ad7b58900302686c2a96e57eb4e9907e095193d22c5607da71c0332334b10b4ae8eeb876dadd36c25eec1a4554655aa3abf60593b8279b1fc2403a7b2e7258,5.75
byte0046.dat,MD5,0d725d3a1d3d97d7b5ea8293bbbf32ba,4.0
byte0046.dat,SHA-1,d9217bfb46c96348722c3783d29d4b1a3feda38c,4.321928094887363
byte0046.dat,SHA-256,b0ced82dc52c4f9b1dec098a80a23a4a711f3a8c9c3684f0761b0e8a29ba560a,4.875
byte0046.dat,SHA3-256,547173f689213302203946298e088b795f6baed5ab853bd5e0f2c88b59076c7d,4.875
byte0046.dat,Blake2b,c34be8086233b20764bc602c23038b1fda2e367756611edab10b274a08463d22dd6114f9d682e4c51b0ce65a1548e5545e67108c5d8dc24e3ef285e2ce06118c,5.875
byte0047.dat,MD5,915eb22a15f7673f983672b6c353b6c8,3.875
byte0047.dat,SHA-1,dec24e5554f79697218d317315fa986229ce3350,4.321928094887363
byte0047.dat,SHA-256,f8dce75572495bc241288c07246acf7a157d462a9c01d1491618f073e57f47e2,4.9375
byte0047.dat,SHA3-256,21f9feaecd0cf2c6b842253ccc4de9c559f3f84a3ef7dad31e0df2e8ff675e89,4.9375
byte0047.dat,Blake2b,fd8a43d03c736ccd314868eb9b090da9f466f6c55559c9180b0cf0f8190c83a58218b01e34c4dd2bde8a183a5bd1aee8b5923175dc904d795367c8ff3a5f4e02,5.800704882778696
byte0048.dat,MD5,13b51da3e8a1422bfd58b79c4e19de64,4.0
byte0048.dat,SHA-1,83a099df7071437ba5495a5b0bfbfefe1c0ef7f3,4.221928094887363
byte0048.dat,SHA-256,46d89d780f178334d19e02c41d5af2e265e2190896dce94822b99c19adc3ff6f,4.875
byte0048.dat,SHA3-256,dfebd0b9075ab417bfa145fe869ead37feddb5a04e6dd8c198c68e4e0a99d6e5,4.875
byte0048.dat,Blake2b,f9bd0b383dc2ab3a779b55cc9138d1744eaa49ad4e827c4a92f8197d38be00984cbbd22e447d64652c45f41db3f2b7f73e260a9cacad80b052f1e140dd4c8fa9,5.800704882778696
byte0049.dat,MD5,e69d6c03102464f22c395f9fa27108de,4.0
byte0049.dat,SHA-1,aa3198e30891a83e33ce3bfa0587d86a197d4f80,4.321928094887363
byte0049.dat,SHA-256,968954bafff8e2a118d3aedffc6283b30efddbac0af2245195c2a32a665a5d54,4.9375
byte0049.dat,SHA3-256,528b5890429eba6a76c38bbfa1102a0ddfb68066d9722db4af22597f9c3084db,4.9375
byte0049.dat,Blake2b,c57eccd8284ab478614bb1d6ce7f5604e5f9dcc4946ffa48de481ff314b3ad61d80a4256075ef641df1b559ef8d7353fee31ed191adecf5e70830ff69112bec8,5.78125
byte0050.dat,MD5,132fa4cbedaa7bd965b0b5900211be48,4.0
byte0050.dat,SHA-1,9b6acbeb4989cbee7015c7d515a75672ffde3442,4.1219280948873624
byte0050.dat,SHA-256,33f78a8a6adc466fed41020fa799aa537cc1c1bb4e938c06a1baec97f7b3c26c,4.8125
byte0050.dat,SHA3-256,45bb13b1a9d26daa4d3a296f431c538b905166bb389770eb615833f016c2fe0f,4.9375
byte0050.dat,Blake2b,14a5cfd0379b7d294d2ff4d0189f6a7ea16413dafe607d7c27c52b62a4ee09b2cf107627fa22d0e3e8294b430ae25f64bffc41ad353fa8a4cfc026c37b0e36a2,5.695159765557392
byte0051.dat,MD5,e37ff5d9f14249f327a19dd5296e6c7e,4.0
byte0051.dat,SHA-1,b021eb08a436b02658eaa7ba3c88d49f1219c035,4.221928094887363
byte0051.dat,SHA-256,5f7f49d1c307363de95d450b558275f8d5a6780ee47246268e6729f7733e535a,5.0
byte0051.dat,SHA3-256,8afc5ba63c2f3184e581d7cc3f50d6f4058536b15e0a8a9f6bb437d51ff3ca09,4.9375
byte0051.dat,Blake2b,ef2e5688132a5aa4e1d06e6ccd1bd5df9fda0b8acff8f4293e3e535a9911b88e896508c618c6937283ea0b820a38111d22cbd05238ffb8d0acec27a120ab98c0,5.706954882778696
byte0052.dat,MD5,4881a65cf107b1d034ff3ecd64ab9cb4,4.0
byte0052.dat,SHA-1,cae36dab8aea29f62e0855d9cb3cd8e7d39094b1,4.321928094887363
byte0052.dat,SHA-256,9f126c6e07ed2744cef5de1f468b2ed1c51a13ec3c8351935b9656458a3dc40f,5.0
byte0052.dat,SHA3-256,94490909a3d0bda1f8763b82a753fe5fb3a64d4f1b4263c9cf2e651539482ac9,4.875
byte0052.dat,Blake2b,74da1095e92e5a3f8f79320cc55fe8a131fcbe2b6678bec345ee9e95a41ed68205882dd4f3b7f6cf965e4e8307f0b36ffd0a5b29e760b748d1dec61e60573e0a,5.8125
byte0053.dat,MD5,547e92d01c0b699cfdf43f91714cfe2d,4.0
byte0053.dat,SHA-1,02de8ba699f3c1b0cb5ad89a01f2346e630459d7,4.321928094887363
byte0053.dat,SHA-256,b8e3d23621cb02bcae060bdf5b6b7db1f024651f98ec63766c20b7883bc033d2,4.9375
byte0053.dat,SHA3-256,d6af286711be12d00d61ddf989c8d4bb3c7fe127753856ea92df663126a022c8,4.9375
byte0053.dat,Blake2b,b28fb39e9ce75e976a7c75d448732332ba95a9a5e8e66da856e3693b378deb3a6dc0f90cd2c1260a6758c5f49e72c3dce58caff6d138bca505e12b191d22df7e,5.90625
byte0054.dat,MD5,aa2b3a055b56845f19109f21d3c783f4,4.0
byte0054.dat,SHA-1,88021458847dd39b4495368f7254941859fad44b,4.321928094887363
byte0054.dat,SHA-256,689c608602d5e5d37a0285eeb5006d97addd7c2b8e006770fad588eff621c971,4.8125
byte0054.dat,SHA3-256,42ff298782ef0f3bd4714546dcea50c1abbe612783341b8e21a0b8aec68d5cfc,5.0
byte0054.dat,Blake2b,0868aafd794f0dafa7fc521447349b77ae842d70755e7335bca69414c550f01b2832d73e8df4c9d39eecf400b0b764827d51451fcefaddb8ac7ffc63b0a456be,5.875
byte0055.dat,MD5,eb1f01cc647ece73b2192537200bb8b9,4.0
byte0055.dat,SHA-1,91a165295c666fe85c2adbc5a10329daf0cb81a0,4.021928094887363
byte0055.dat,SHA-256,17c6f0073c4f92d5eedda57ca2506aa6002695c6b7bf12e4dbf4dd1a7fbceb08,4.875
byte0055.dat,SHA3-256,5bcdc45d2c328b499d975699973bd54e716be4b5ec1ea68650f72305794bbf4b,4.875
byte0055.dat,Blake2b,fddad3a8e7fd0175b35e7a9826cf63377105b94ffe730def0684ad28f0f05b9b1b9bed915699f0e555afdbab21254ebb76d462bcc426bed17f3b533f658e63d5,5.800704882778696
byte0056.dat,MD5,1db274ef41b1ad71f713df2b05207e1a,4.0
byte0056.dat,SHA-1,4b31312eaf8b506811151a9dbd162961f7548c4b,4.1219280948873624
byte0056.dat,SHA-256,504472bf96d0a3da1098dacacac48886d1ab92929187de95c7f42eab9907801d,4.75
byte0056.dat,SHA3-256,f882d70ebf4cdb8a9df45c2824d502b1cebb9d0d200190788fc2f8fef0908b14,4.8125
byte0056.dat,Blake2b,964b184c93cfa93afd3cd4319ba2036aa058f1a533e857fa19fed510e9d5fae75d8daf8c246c7c8525307c70dd2bd848b02766a513a908e7849982ca9cfa122a,5.769454882778696
byte0057.dat,MD5,d8b4ec343b4310345efc6da9cee8a2ec,3.75
byte0057.dat,SHA-1,3fe70971b20558f7e9bac303ed2bc14bde659a62,4.321928094887363
byte0057.dat,SHA-256,ad3a49ab7ad5b69182301d9ef971feab72f770f4d9f60f6db308ffea746db005,4.875
byte0057.dat,SHA3-256,24a8c019957f363c3d56bbe5cf1fa8453ee5abff24ab17b7c03ac353b2cf01b8,4.625
byte0057.dat,Blake2b,c8b00d0c283a687f443472c977664d62a9a84804b4ebdfa2046f74dd061c4a361bb5cdafe28351b15d4cb04f01d8f3de73ff2596b5b8b77a67ae898dff3ba136,5.84375
byte0058.dat,MD5,082ee3b2be7910f7350368e395a63d90,3.875
byte0058.dat,SHA-1,93fb769d5bf49d6c563685954e2aecc024dc02d6,4.221928094887363
byte0058.dat,SHA-256,5cdcb342f26857e8db5ac97a89da6197759adf384ab241a8112795241983238f,5.0
byte0058.dat,SHA3-256,0c2c8144e90df459b17773a55885fe3783d92a18f4595df6a7f5126e92b3962a,4.8125
byte0058.dat,Blake2b,00d18765ed15dbb9f578e5ba20f765cbfcc2564d2a737c6b739847d7ea7697ca4b7fe323f6bb415a17802b9d9e65a0e88e0b81ccc5eaed82f452852377401eb8,5.800704882778696
byte0059.dat,MD5,d247c4070ae1de106bcb438a2dacac23,3.875
byte0059.dat,SHA-1,bc8827c3e614d515e83dea503989dea4fda6ea13,4.221928094887363
byte0059.dat,SHA-256,4ec9883c8ad72131c79f14e4f1e75042a61100a5bc290fc344ee3c2adc99c143,4.9375
byte0059.dat,SHA3-256,3dc951c317a649ffa2301f1796e38ee9f25c77fa4194328043b1266417bd9373,4.851409765557392
byte0059.dat,Blake2b,0585a6ce1ccc0032fd81bc48bfc5c93ab3223f25b66436d5fe11f99e9dd7b3cd951b80f7259aa110037fc83573f1aa930333c758cb84c4df8c3edf09243a1647,5.84375
byte0060.dat,MD5,f8cbc4f3af45befc792679f2b113f1cb,3.75
byte0060.dat,SHA-1,e83868dbe4a389ab48e61cfc4ed894f32ae112ac,4.321928094887363
byte0060.dat,SHA-256,375c64eb3361f34b4d89078fa95d082c74bced92436aa3d50031839375d6473e,5.0
byte0060.dat,SHA3-256,276ecb69738d64d01532abd57323dccc9ce7ec40f17ba82838adfe973b9f1a7a,4.9375
byte0060.dat,Blake2b,a1303f776ae6ad5527254c969dcdd2be112abec661170aa5298295d06e910a14479d93f6f637b8c25b4fa6194971edb937d203f6ca3ffbda6aca0083fa1a38df,5.675704882778696
byte0061.dat,MD5,9031006a437019c5dcd987a31731ebd9,3.75
byte0061.dat,SHA-1,55c95459cde4b33791b4b2bcaaf840930af3f3bd,4.221928094887363
byte0061.dat,SHA-256,8a0a36538da941bea6c614b2c038424588d8d2505039f70cbff291d4f0f9f6a1,4.9375
byte0061.dat,SHA3-256,c66dcf13e13fe3406b7aba176e3345bf786dbea6e98f979671ecb6ef7d4e5fcc,4.9375
byte0061.dat,Blake2b,934c677c401d6c905feb24f325ec942d007b833d50ecca2d178839785f2536c8bf96e90edab5457d9ca21c92a3e48e8a1012bb0c190e88297420eaf9a7788de1,5.78125
byte0062.dat,MD5,a6b62759ee3883258fbdeeb8b56e6283,3.75
byte0062.dat,SHA-1,36bb0e2ba438a3e03214d9ed2b28a4d5c578fcaa,4.1219280948873624
byte0062.dat,SHA-256,a4dd6338174ebeda6a25b88d754fa5b95cad27902eb0bc8321b76db62efb1abc,4.875
byte0062.dat,SHA3-256,b9d0fa4d05e9dbc78ba5963a841a159f82c91f3b2d8b2807acd0733838ccd823,4.8125
byte0062.dat,Blake2b,93f23ab22fea0dd4d024f81cde1c837abe6a07647632f657ab294341d99ee05eb8d0e86700d2debaee522fae825badc1c4c68e49b2b370bbd4a1b53d7639cc13,5.78125
byte0063.dat,MD5,4933898605b4a1b970b674a2dde92292,4.0
byte0063.dat,SHA-1,3acbf874199763eba20f3789dfc59572aca4cf33,4.321928094887363
byte0063.dat,SHA-256,a644092a1de8e05e17908ce565d55fcf39e30585565d96bf1c13eeb9f3401803,5.0
byte0063.dat,SHA3-256,d5cec696684cfd2bb75030db20c77adc3fccb7b32cde96aa3b0d88785c467edf,4.875
byte0063.dat,Blake2b,b48a72023bd7faba84637948399ae82fe7af8289cffbdb0e559a6e53225b5dd30b3b90d95c7580837c54e6accb00cfa632e4292b3ec037042c64acfab5f77bf0,5.84375
byte0064.dat,MD5,f0684ca20de4607232f3e158e81a37f2,4.0
byte0064.dat,SHA-1,86be037c4d509c9202020767d860dab039cadace,4.1219280948873624
byte0064.dat,SHA-256,7697b1435a5bdc094038469fc5268615cbe94641b2165bee62466426ab414c97,4.601409765557392
byte0064.dat,SHA3-256,9477a333e8d1341c4ea57b7cda328b901656bc05723fa6b49f1a7c206ccc04a1,4.9375
byte0064.dat,Blake2b,43345d3a0e8fe998f5f3766ec221e780f4c65cbd5ac88d19fb25fe7c849ba8bee74adf19e96d7a50b9a2d6cd9999cfea95d36a301686aea63ea8269889ec3d23,5.8125
byte0065.dat,MD5,c0b3fdecb3bb7b4ff0c936f378ccb027,3.875
byte0065.dat,SHA-1,51b57d7080a87394eec3eb2e0b242e553f2827c9,4.221928094887363
byte0065.dat,SHA-256,62f249a85b14b477e764e63e9821d3f44dd2c745293f3586eff976266311a39f,5.0
byte0065.dat,SHA3-256,3a9918be3e50b2a7fe21e8e43d3d7ab7309c968d5665bc586539520b5c8a3731,4.875
byte0065.dat,Blake2b,1151670a9f4690341b14fd5ac4a129a4b99661a54149e1ac690c2165e5a97a96f87156cd133608e9e0762dfdabe145a0058dec2468fe33e8ddc5db3224e1cfe6,5.831954882778696
byte0066.dat,MD5,50652123b5e0e51bb5bc3fdde3c6a750,3.75
byte0066.dat,SHA-1,1efbfa78866315ce6a71e457f3a750a38facab41,4.321928094887363
byte0066.dat,SHA-256,eb2c75aa7330a6589d09f58231d1218e4124ba49b7b0c5245a76a5101d136449,4.875
byte0066.dat,SHA3-256,3d81ece600ba6abebf8072ea39fd505663e70673d2f0fea794905df7ba3c82dd,4.9375
byte0066.dat,Blake2b,e36608a8d50f53d15f29c53f1981646f9de712d1f213f6b5e7ed35e4cb25a1faf35fa4cc5ef5fe16818c4337bb8c34b34e32fc078cd28a0729dd47c85e77bdd6,5.706954882778696
byte0067.dat,MD5,ed4526ba8226d969f47edbb27b2f1144,3.875
byte0067.dat,SHA-1,57d6cb41aeec20236f365b3a490c61d0cfa39611,4.321928094887363
byte0067.dat,SHA-256,90c096f9852990cf0fcfbd36ffeb577b4d106d66e9c7a18abdc6f7a3b1ddbab1,4.75
byte0067.dat,SHA3-256,9de1440d77b3e18f0fab8efdbe82b13b415ea0dfea07c00ce182cc5f50031ff0,4.788909765557392
byte0067.dat,Blake2b,98558767097c83e49f0f60a5d4ae417740f83961f7b1580fbbbf56634e6841a4f0863b9fe75badad75ecca31ff730de18270923e2b10dd5b6478ddedbd44fda6,5.8125
byte0068.dat,MD5,80e6f61dff9da8673fa16dbbdb14d03d,4.0
byte0068.dat,SHA-1,c532cb64b4ba826372bccf2b4b5793d5b88bb715,4.321928094887363
byte0068.dat,SHA-256,327b0e47ba3bc200579ac67ac38968e0df655e2d22ffe3adf238f7ac9029a1de,5.0
byte0068.dat,SHA3-256,87fea5f3cd48dc8ff7ec655ce4fdf4df7ad786aec77c89b4a2d43b55f079edbd,5.0
byte0068.dat,Blake2b,283d475eee2c6e561eb0491b64b1d0507e6b7beabd8c64cc46951c6cc4751e62f1911ba8eed5b5a6fd2270f95bc14360b78539661d626756fdb3bdc9fa040404,5.675704882778696
byte0069.dat,MD5,1d52744bf1450d7c5cfdf1f0bbf967c1,3.875
byte0069.dat,SHA-1,15833b5631032663e783686a209c6a2b47a1080e,4.1219280948873624
byte0069.dat,SHA-256,bdf4ef8fcafbe13b772ca217eef56a316210e71f69cd943433087c68d9a67bb9,5.0
byte0069.dat,SHA3-256,3daaa84719957a1a65cfa4a12f9bf51d0cef5f5375eb6e74df6be02e91346c04,5.0
byte0069.dat,Blake2b,6a976099dabf3356230225cefe6af233c5d8f5f9d771685dd1b60b428d9a9d9aa0a6bfaa1d18b1621b046b74a7959d102df3ef365ec43ff9f66d1c0a230adc32,5.75
byte0070.dat,MD5,3438a953124960bcc44611923a8844ee,4.0
byte0070.dat,SHA-1,d04f2043c96e10cd83b574b1e1c217052cd4a6b2,4.321928094887363
byte0070.dat,SHA-256,72c955a5adaf9e49d565342b41b36ee5ab9b5a394d003b804e4e361a46bda571,4.875
byte0070.dat,SHA3-256,add842b1dcdc1f1fb4010b3d1b0ad6b4738fbf4bbd82b647ec1fb90acfbd0304,4.601409765557392
byte0070.dat,Blake2b,4e87de58eecb8c5fb591c3e98d96935a5d913c3e2ae0aa42bd3be1b214c55bcf7ee53329f1b86bb7a399c309eb503f097697b2f59b842df8e521cf94b8f572ff,5.75
byte0071.dat,MD5,b2f341296dd7aabbd4fd8e011be68a7d,4.0
byte0071.dat,SHA-1,e8882627c64db743f7db8b4413dd033fc63beb20,4.221928094887363
byte0071.dat,SHA-256,cbd287d6a6707e2cdc8e63a29f758facbdab375bb252183d3af877dea8d25260,4.875
byte0071.dat,SHA3-256,354707ed95c9685c14d7a2d009e80b22d05f789f9c9ce717feb2a7f8dac92dd0,4.726409765557392
byte0071.dat,Blake2b,84fe16d0dc182e57cbf67bd75618e41084a95b6de6d11476845182e0841277fce222f421ec742847115878d6ecb8c4e87cf1d290b6856e2085a707cebad857c0,5.75
byte0072.dat,MD5,322dba69658a92e9a9ace4d7177fb97d,4.0
byte0072.dat,SHA-1,cd2d32286b8867bc124a0af2236fc74be3622199,4.321928094887363
byte0072.dat,SHA-256,7aa856fd19741a16ec634b1f653cfd5ac224278652e0b0a2903e274be20a048f,4.8125
byte0072.dat,SHA3-256,c540d86b19a2e6c55956aaccb4f49301d73558456e5a9854c950a7a3477e7ee4,4.875
byte0072.dat,Blake2b,7bae8422b299b28491f82b872c259bce320a4a21d5e94448e78fdf1a0a42d39dc439d9d48d6643df71f2dd67fff69406b5d706a58bfd02394f946bc6971f7c91,5.75
byte0073.dat,MD5,b94a434a98efa493fbbc989360671bb9,3.5
byte0073.dat,SHA-1,019b70d745375091ed5c7b218445ec986d0f5a82,4.221928094887363
byte0073.dat,SHA-256,8410cdb01c659f05741fd29469d0dbb0251b4fd8e708abeec4a879047fba7c37,4.9375
byte0073.dat,SHA3-256,907e36a05ea35a622f39191fedbe0d54d5b16986c50cce5b2eb8c3bf462609fb,5.0
byte0073.dat,Blake2b,ee812ddcc3bff24c7094af75919cde32286649b8e22c117ea8e945d187298094b6a7b9fbb6129e446446d8129153d17016b8f5c8783d5a263490761f96eca889,5.75
byte0074.dat,MD5,cd9ce9a01ed810af70999d8ce4c63811,4.0
byte0074.dat,SHA-1,e5ff5fec1dadbaed02bf2dad4026be6a96b3f2af,4.221928094887363
byte0074.dat,SHA-256,b5f811baf9c441d04f010f76bcd7eae80c5bb249a40ce37436f0a0296849b8ab,4.875
byte0074.dat,SHA3-256,9d5e3f17f4aaf545798c8f0f6b839ddc63de28922c2e382e479b1f200b078a97,4.875
byte0074.dat,Blake2b,29a6cb3f439c0bb252583d7359acf4d07d6b98c55f5bdb918dc64bfc18431a9c6fa23a46857c6f640c7b6518d8029c040f8b20669bc9d11339998def0b05d715,5.769454882778696
byte0075.dat,MD5,4c639abb75a0ae0f22c3384cb9c68441,3.875
byte0075.dat,SHA-1,6f4e23b3f2e2c068d13921fe4e5e053ffed4e146,4.1219280948873624
byte0075.dat,SHA-256,9be38d9ac8a9c30e8a5e86e3ede291b23bb381ee41dc662421e394f6b8b9881e,4.851409765557392
byte0075.dat,SHA3-256,02ef2915f1141222b8ae37a43aa21008367930ac500300473b7f30d61cc7b8d7,4.875
byte0075.dat,Blake2b,0d6de84069e978a9a7050a8c5f7102a4fd36551161fc60a8cccbf6fe27c809dad8649f488e60945c3bc2121a0458d66dc55458fe63db47bc55adda6149d3d5a5,5.78125
byte0076.dat,MD5,fe31ffcced1717988c854c2f3492466e,3.875
byte0076.dat,SHA-1,25e179602a575c915067566fba6da930e97f8678,4.321928094887363
byte0076.dat,SHA-256,ef45cac2d6f325a523c40a989f5554e152f8d65cbd22d35824d1f28378658432,4.9375
byte0076.dat,SHA3-256,170d365a8e9bf43393385266011230fb5605d696173b21dd3ea97bab83d2801b,4.9375
byte0076.dat,Blake2b,d40df52851649e0d1b45db3fab42f7aa92ab491cc53f185ff0024291ce552eec11aa7e73a39211809476caa578dd2a696541f021e997e4b37685a2e432bd5cbd,5.65625
byte0077.dat,MD5,b56d81337f9bbf0d838df831e9b40216,4.0
byte0077.dat,SHA-1,67ded0e68e235c8a523e051e86108eeb757efbfd,4.221928094887363
byte0077.dat,SHA-256,8e3d126f3a316e0ec49741a3ae6215e29c4acaee364272b7087d9b766579e00c,5.0
byte0077.dat,SHA3-256,6190c9fac812a167de0ca1bff3912d298e365775b7f0c4f20e2389ca9c299877,4.875
byte0077.dat,Blake2b,31be8a26302aac09f967399326fc55fd37e89b8c204c470fd8ed775883af4dccbf2a7a1f20f15699064df8eaf8e4905a529038968653b79610b8dfd440dfc1dc,5.75
byte0078.dat,MD5,0be9161adfeb2dd1c3f20338bfb3ec4b,4.0
byte0078.dat,SHA-1,af78536ea83c822796745556d62a3ee82c7be098,4.321928094887363
byte0078.dat,SHA-256,a43ee360b1dc90c573bef4145e1d4557166d7cce6ea1ed33e0cbd909643c3621,5.0
byte0078.dat,SHA3-256,882e9899c47546eaa40af20ab49607dede709145d4993221453fb5b4a2c04d78,4.6875
byte0078.dat,Blake2b,7907442f76a1f8ca56f7b8b7f1e570d50445da5b1c32b96f8382c531abafefdc81075943c420c9f67028839c6671d4078cca452365ad3fb65037578c32cde534,5.706954882778696
byte0079.dat,MD5,be7b7c9fa1ab09d6578a3f2a82bfafe3,4.0
byte0079.dat,SHA-1,64d7ac52e47834be72455f6c64325f9c358b610d,4.1219280948873624
byte0079.dat,SHA-256,5396745f9645dad55b732efde57de49c2ae40624fee192579014dc2b79d814d5,4.75
byte0079.dat,SHA3-256,951b0f8c49ba0e3f00ed6eaad8927f9269e99e4f3d640f21db7e1a45285a0f9a,4.788909765557392
byte0079.dat,Blake2b,5014eee780471cd19a28986f8738eb926df9b24ca4bd40fbb720adfaf408da3bd33ce99e66e679c592f60e82ff65b6ec57f13e7eb88e20331f042a6202e02a66,5.875
byte0080.dat,MD5,f6bdc04b4611ddf0aa8403bcb04292f7,4.0
byte0080.dat,SHA-1,9d4866baa3639c13e541f250ffa3d8bc157a491f,4.221928094887363
byte0080.dat,SHA-256,b617be050dedb47be64d82dc19e3d84b6799b5bada18944df5417759a85e445e,4.875
byte0080.dat,SHA3-256,31e1b4086f33e092586076c8dd1558d7fa6ec630e60d077cf9ddc92e1f0c5c47,4.875
byte0080.dat,Blake2b,7193ceae256cddbcc4f8e7989fcdd3b114ddbabc99c49a0735df598b39b71d27e58da536fc85af3b05a04d037c413a6e84f9e6f8fa5e5eb7f709b9d23ea50049,5.78125
byte0081.dat,MD5,1c7146a10f3c76b0c1dd4af354b14982,4.0
byte0081.dat,SHA-1,2e258811961d3eb876f30e7019241a01f9517bec,4.321928094887363
byte0081.dat,SHA-256,17d5520a82dd7c945de6a92200d036cd95bb16330f0f95df802d23e90c8e5c2c,4.875
byte0081.dat,SHA3-256,e6335552c64f1f4e9e2fc6a61a9368eba9c0b50e567e212c7574bd3b71e38c12,4.9375
byte0081.dat,Blake2b,144c6cf8fea39a77ffe260ba90e394b9e5d88e9f98bce94debd2e921da26e885363b0af4fb7bc18babb76b504bf724720b0fb3ea85354011f489772d93e1fdfb,5.84375
byte0082.dat,MD5,0d3d987f94aee65f84436696bcf33ea4,4.0
byte0082.dat,SHA-1,8e0ebc487146f83bc9077a1630e0fb3ab3c89e63,4.321928094887363
byte0082.dat,SHA-256,b71e5a677801057ec719ae2655732720644bc8f999a8698876c92e4323d4ae0f,4.9375
byte0082.dat,SHA3-256,791d884d0ff81a6b5ad5c0c97d63817c85db721cdc5d5f1742d1285e2d3cc3e9,5.0
byte0082.dat,Blake2b,ac9a7ce6a67c0827bb26044cc0b7173673f5074489f31a685543a8db1aa46ccaca3312525a7426f06eff37e0c7273856482cece253e7245d8100e7007425aba7,5.75
byte0083.dat,MD5,1a5c9ac3ee859361ad5477ea792506a3,4.0
byte0083.dat,SHA-1,ce8953741fff3425d2311fbbf4ab481b669def70,4.221928094887363
byte0083.dat,SHA-256,80c6a41efdfe452d1ad6f3b0d5eb31b962c332a9bb7e4f7ee6f4aaa18a3b81d4,4.9375
byte0083.dat,SHA3-256,c9ff255be511fd258be3138d34dfcb6fd66511d06b42c46821b2947a6b9ff5d2,4.8125
byte0083.dat,Blake2b,5ee45614c0dd44b142e7a5fdcbbfbeb7eb45de3a9ab0d1bb4c6460cbb6c41930f30b827221dfe789156fbf2d29c50fdc6e00861830d3b8bc3271f6990bc59b73,5.8125
byte0084.dat,MD5,e827d60f27e35d8e5b05af748ba897dd,3.875
byte0084.dat,SHA-1,789d1d2dab52086bd90c0e137e2515ed9c6b59b5,4.221928094887363
byte0084.dat,SHA-256,32ae8512b486d4523ca7a630556758655a5cff12aa5cfcb8dc5e65b21a257f4a,4.8125
byte0084.dat,SHA3-256,51c7da360603afb489ca8278cbe6d10bf25e659a6f821eb30c9dd5fa022c4b9a,4.875
byte0084.dat,Blake2b,cbe71dfdbc2194a6b2b9d5e36321b4043ae89269d57b8119809d9461649fe8019571084607fec03b23182abdc4f3d78a23df04f0a0c5b17530ad45721994a688,5.706954882778696
byte0085.dat,MD5,5b7899bf7a6267d9b3b8c82f241a1d7b,4.0
byte0085.dat,SHA-1,b76ce7472700dd68d6328b7aa8437fb051d15745,4.321928094887363
byte0085.dat,SHA-256,0f14c68ffe8c26e9d2ecdd5ea8027b6549b3e8742023ffbdc7547227cc27ec2c,4.875
byte0085.dat,SHA3-256,d10339c78df64f464aad007aa1bf4b529dc30e7cf012b4275808ddecf7fd7734,5.0
byte0085.dat,Blake2b,91a933bcecd785687b5ff43b74b55506338032b87da125c360dd1822a7923286c94fae2b8e7fcc2d4b94912e143e19d7337582e75f4a7a1205c6958c510adfeb,5.800704882778696
byte0086.dat,MD5,6dc9fe740cf4a4b93cb0953a3c2a6026,3.875
byte0086.dat,SHA-1,f218669b596c5ffb0b1c14bd03c467fc873230a0,4.321928094887363
byte0086.dat,SHA-256,85dff510ebd3f1fa617a2273ed67ef5abe4774cfe95657fe380e75b25090664d,5.0
byte0086.dat,SHA3-256,7e4175a036a08ed35b709f1d2764ab9511bab104b4794b1e11469c86f41622e6,4.875
byte0086.dat,Blake2b,41de3e10ae06f96ea5452b1dbd7a0ddf2a98671448e152e8b5eb6c1c841488005044c4e814b9a0315a6039827f9049934bd7b17bb79e07defffeba5f6fd36eb2,5.831954882778696
byte0087.dat,MD5,27adf814806fd4a51c1ffc84122c5c8a,4.0
byte0087.dat,SHA-1,1ff3bdbe0d504cb0cdfab17e6c37aba6b3cffded,4.321928094887363
byte0087.dat,SHA-256,7a852eb3b59ad350c9d47adf1ce0812d06866cca8e1f2c65c893e7952a62eea4,4.9375
byte0087.dat,SHA3-256,d5eb58480786f6a2104b239b321745e1fd494c51f6405b3c8f103278049dc4d4,4.8125
byte0087.dat,Blake2b,610f2c2024fb0426266c2b275378b84a0e4b9ada33e2d037ff28d5c11f5e659fdf607b4706904c7996115a61aa3ca23f95dda5a004bdc336eb93e9e10ff6c314,5.84375
byte0088.dat,MD5,f74e94ab992c8f27de264993a09ab429,4.0
byte0088.dat,SHA-1,2f3cbacbb14405a4652ed52793c1814fd8c4fce0,4.321928094887363
byte0088.dat,SHA-256,49cfe8b6302a2d45b866a26c4940d777df4f588ebe1bafeb275a8a03a1eeb0aa,4.9375
byte0088.dat,SHA3-256,01a745f726444656f1e15cd76ce9eb73813762e7b1e5ce477f53c5aa317f15bf,4.9375
byte0088.dat,Blake2b,1f4eda17f9f6d0d735bcb94364d4f07f2818bbebbee6dc99bc645efcc936594d85b6c6986b69760c52b0dc3874898fef0611052d65f1e2508bb0e48161b6c9cf,5.8125
byte0089.dat,MD5,5eee0f1591d10c159763749ec86b9ecb,3.75
byte0089.dat,SHA-1,982c8ab6ce164f481915af59aaed9fff2a391752,4.321928094887363
byte0089.dat,SHA-256,e6e49ebcd83acd3a9ec0b100e26c4d82388eb9378ecfcbf967a31c4951ad0c01,4.8125
byte0089.dat,SHA3-256,5bcdc836ff94837b3a3f4a3c5752db298539735340760f643e23482793c1e724,5.0
byte0089.dat,Blake2b,b8f1909feb50a74e800b41f1aef1515e1800648708fc11fc613218af5fba739ce64ba7b14ba9c1045455f5041000719036870037074bb5fb911ed669a6f2b7bf,5.589614648336087
byte0090.dat,MD5,46898964a3889615d9f7c22a81e0a0e7,3.875
byte0090.dat,SHA-1,5cd92012d488a07ece0e47901d0e083b6bd93e3f,4.1219280948873624
byte0090.dat,SHA-256,9edf4d38cdd6e73e857f1ec91132499e7f930d2cdee6b3583a8f062ff7e9d848,4.875
byte0090.dat,SHA3-256,ef716185f23b13ed6b9983ad43de2df841a7b5a90ff73b86af4c7cf458ceadc5,4.875
byte0090.dat,Blake2b,571d08f33e0116311ef25cec0f4252e5d98b0808fda6944f4a33ca78d0a48721b4bd96b3ed766bb8db9b0274b262085d39c558a2f702c15b372dc05d960c88da,5.78125
byte0091.dat,MD5,8fb58d6770971b0f12e40b31ad65b4a9,4.0
byte0091.dat,SHA-1,69603fec02920851d4b3b8782e07b92bb2963009,4.321928094887363
byte0091.dat,SHA-256,768dbebcd6aa66337810b7457964c63322904e9242229e5d98b808799f7f4cd4,4.8125
byte0091.dat,SHA3-256,ae752bd2e6ec041fdc01d41a55bc1006e4186cdff8d26d02e75ab0d9e96fc71f,4.875
byte0091.dat,Blake2b,e4aaa35f0421a2db7b2571ad285c4ecc321138555a0c1846276fa9d370aead4803bbaadd7748bc3217330e1f996619d7f3a5afbf73b015763a4a0bc4d3c419e4,5.75
byte0092.dat,MD5,eb4ce130268dc13731dcd16ff492d0a9,4.0
byte0092.dat,SHA-1,3e90f76437b1ea44cf98a08d83ea24cecf6e6191,4.1219280948873624
byte0092.dat,SHA-256,867a5ab42d15f9843d67438db495a8a581eddd39c3753f3d203225b60eaa9a3e,4.875
byte0092.dat,SHA3-256,1f6e0406697f3fcd5a97f5edf0a1582cfb6c3117d5f38f2fb4dc124172c52c39,4.9375
byte0092.dat,Blake2b,384fa8150d48a068d867a6be321143510f33dcf52d551918def25fd8e9d71131eff9a2dba02fa929ca7cea7cad072155a606989400fac9794150d95f94eee73a,5.75
byte0093.dat,MD5,23532a54e8005860ad5e77f4e3392827,4.0
byte0093.dat,SHA-1,34c09f107c42d990eb4881d4bf2dddcab01563ae,4.321928094887363
byte0093.dat,SHA-256,d7acd8d042b8c6802f6d9262055a6e296f3254674745f18cd1b21244e1acb9f0,4.9375
byte0093.dat,SHA3-256,8841020c081b8d5498f60576caa22eb9287473b420f29f8cdd5af10345565044,5.0
byte0093.dat,Blake2b,4e36b77607fc82fbc639a6233535e5cc26485b563c0a57d9e2118718cef98fe694f514861db01acedd4230d7d99ff221d9f33a7b81df29798aaa6f5bec173bf5,5.800704882778696
byte0094.dat,MD5,07fedc4dc4891d1a90c501a781a666f2,4.0
byte0094.dat,SHA-1,474be0e5892eb2382109bfc5e3c8249a9283b03d,4.321928094887363
byte0094.dat,SHA-256,fe781c4d49e73ca9f82389b6d58f3def857cffe624acfb6a2a5a8e9559623f37,5.0
byte0094.dat,SHA3-256,2a1328d728cfc977b0065f540d602cf5c3294100ee2c7a4a2f7400af89e43a9f,4.8125
byte0094.dat,Blake2b,68b536578d9a4e9cd68cfae2fa52d824c8a1552e1f41689b7785dd6073a8c5bb972fae30a3636bd593cff7cd86b88d7dae4eb1352c398c72934e013cd93208fd,5.738204882778696
byte0095.dat,MD5,83e8341035b37dd70a92a6eed5406927,4.0
byte0095.dat,SHA-1,a04b4f75051786682483252438f6a75bf4705ec6,4.221928094887363
byte0095.dat,SHA-256,96fb72ddb440bb1f00dbafc97768f9890effcc172fcc395de4f2a19318c46c86,4.9375
byte0095.dat,SHA3-256,c39908ee740fbb6106b4e071fe739a67eb5e233042b3970a2d56542a1a019b83,5.0
byte0095.dat,Blake2b,80fc18303c0c3860b87acf21a4ac0de121a9d55f31f24edc3dbb52d7977868d20e1d81d109d07eb0b5245227ec62eef1070750b3e304b47aff7ba31ad18da00a,5.84375
byte0096.dat,MD5,6c9f7b3b25734d58f21f5050642874a5,3.875
byte0096.dat,SHA-1,be88a6716083eb50ed9416719d6a247661299383,4.1219280948873624
byte0096.dat,SHA-256,b63555a77fefcadecfa88a770e70f1d51d46ae68fc672ad4770804495eb1b867,4.875
byte0096.dat,SHA3-256,d7ba5eaf1499a66b660c34b06b479363a955f134c5b5b0923030213d7366a290,4.6875
byte0096.dat,Blake2b,17ec43e4a0b1c9ee2d5c99e52c2129425bbb7975f8de9b647431e782903ffe472a3a2b6817ba39d54a5cbc3bf0505131910a52560656e2305a33041caf3fa05b,5.78125
byte0097.dat,MD5,ef661042e6624f4052ce86d8f233d780,4.0
byte0097.dat,SHA-1,c67e38717fee1a5f65ec6c7c7c42afc00cd37f04,4.1219280948873624
byte0097.dat,SHA-256,161d1a609fdeb2fa425761bf0b751dfd25e7a0a02995920921f99f63331b76d9,4.8125
byte0097.dat,SHA3-256,0b513fc0e4617b469c0162d8cb9394abd3663d6a3a5d41378912dc25a569dc54,4.9375
byte0097.dat,Blake2b,37d604d1ad5d8c71e494f8daf4afb1a69c324f069c6368d43454c0993462377d85187300e9841ea001a600439e9c845c270dd476cb6528e88a82e14b20f9b140,5.706954882778696
byte0098.dat,MD5,efe794cdfad5cb86656e29854a1f5c92,4.0
byte0098.dat,SHA-1,959ac4082388e19e9be5de571c047ef10c174a8d,4.321928094887363
byte0098.dat,SHA-256,c80931a1263d7f192937eea3e453006b19525ed981314ec3fd561d256e8e135d,4.875
byte0098.dat,SHA3-256,f27c9760e3952492e23df1c34fcd143d0e8b6fb0332a7009becf63270b9ea350,4.9375
byte0098.dat,Blake2b,4e281d89e2257c9c8286e40ee247fcfbd74ea9f0e299c0459a42108a52f01670ef728729de57ce97ecf86725a8b9f967daca07d7669f284e03cc4c3f1c47fba2,5.632659765557392
byte0099.dat,MD5,e5f19a0045481443bae165f03598a9ba,3.875
byte0099.dat,SHA-1,baa7aa7b7753fa0abdc4a541842b5d238d949f0a,4.221928094887363
byte0099.dat,SHA-256,a3b6ba9a5cba6071a99b1a43454053bfc3e6d1338ccf0063d5d71247a6b57566,4.9375
byte0099.dat,SHA3-256,ee340116c51f194bd8cd13bedc2efa29bbca0f7b5a8f126927fab27c7e89b6a6,4.9375
byte0099.dat,Blake2b,1c4c0beabc6a11ac0185140a2d5b641e402e5b940855507b24d0f6488f0136e88c5fa228668b59d3fcd61ac5bdff4e8ce7c2886b2f219f2e8ef12619473e8091,5.875
byte0100.dat,MD5,b8fe8691321edbf308a9d60bb817c6af,3.875
byte0100.dat,SHA-1,351394dcebc08155d100fcd488578e6ae71d0e9c,4.321928094887363
byte0100.dat,SHA-256,7d057dc07ed5a7c11590262a0a18c8cd614a029ca12fe08bfedc87307b5f65b9,4.9375
byte0100.dat,SHA3-256,cf14b4db0607a953e8089c1db92325b92732615e9f62aee6f4f93e8c7bcc152a,4.9375
byte0100.dat,Blake2b,9f0fd0ea7e815de9f1acc2828ce4d275da81e592a19b495e53f36fd91212cccbfee2e129d06fd28525a2636e6d557834e4cc8afdf20715f2a73eb76ead7c6011,5.71875
byte0101.dat,MD5,f31fdd0f1aef106005e6d29b72229fa1,4.0
byte0101.dat,SHA-1,ab8be94c5af60d9477ef1252d604e58e27b2a9ee,4.321928094887363
byte0101.dat,SHA-256,0b7744d3394c04618e6376cd450cc3fc81586493ab5081a9b3b155938d98563c,4.875
byte0101.dat,SHA3-256,bfcc61898eca31d05aaf55469f8dd66a1772c760b4c6c1c6ee2000248d6284fc,4.875
byte0101.dat,Blake2b,f91f6402e981b8dc68837d73f035794662690cb84aeaef40db689c96d1370a41dc50c4ce0290678911a04db9a36fd1796512d9d4af6860b9f23e77bd8a218dae,5.738204882778696
byte0102.dat,MD5,239ed45c3cb734db446adfbbe3dab8a1,4.0
byte0102.dat,SHA-1,3429ec74a695fdd3228f152564952308afe0680a,4.221928094887363
byte0102.dat,SHA-256,e8d1ea7154ec53c175761311295f69037865db32ec22976b6ddb981d226760ad,4.8125
byte0102.dat,SHA3-256,c8cc3511a41d260bd10011fad996b4ab60009c73c85e54365a6c72a6bf2c000e,4.726409765557392
byte0102.dat,Blake2b,f791d2ef0bd3081786e538277fe3c06a2587e3fb84a039321f06acf3bb44891d86b1ce0af4fd17d1a5e9cb7772eab1b6765d81f84f97725063d731fbe63032e1,5.78125
byte0103.dat,MD5,2c2303411c7d25617a54106aca18070d,4.0
byte0103.dat,SHA-1,907fa46c029bc67eaa8e4f46e3c2a232f85bd122,4.321928094887363
byte0103.dat,SHA-256,40aa287bdf661317439fa5ffa77cc9fa9ca3df504aae74b0ba83b2fbebbaac83,4.8125
byte0103.dat,SHA3-256,57a24d750c4e60cdd19f52220506dd6f8d46a1927fc79c25af4a21c6df2f4000,5.0
byte0103.dat,Blake2b,e787b59d56b486174723ed21107c8ef86a72cbf8d92293794c700ae859f9ab942b914b8e3adb732bfbbbd1eb4ee494ef9d5a619c39a246324aaa2c8e33a8423a,5.769454882778696
byte0104.dat,MD5,de179c41aca8bcdc388964024948ff8e,4.0
byte0104.dat,SHA-1,2644c87d1fbbbc0fc8d65f64bca2492da15baae4,4.1219280948873624
byte0104.dat,SHA-256,ee2e8fb7206e2e8fdae91afcc3e903d534b304069f232c68f53407cfc6d0bbae,4.75
byte0104.dat,SHA3-256,e05a8d95a136055c1c77b9c59c14f0d7d7af85b78561ed6c9e8862e2f8f3b274,4.875
byte0104.dat,Blake2b,d6fa385866196028dff5e4a888b4f16fde74c6ac103a88898b3aa5f0d94ca467158fbc72c56ec0b771f67ab8def93686639fa2da4ae398b8420b0d2e24cd05b0,5.875
byte0105.dat,MD5,ca335b74d59bd50832267d3bf28f81df,3.875
byte0105.dat,SHA-1,110a3eeb408756e2e81abaf4c5dcd4d4c6afcf6d,4.221928094887363
byte0105.dat,SHA-256,b940c011eaef2b772ba03659581d525e0b6148f9c59cb7120db55ce18bf6d695,4.9375
byte0105.dat,SHA3-256,71a5ee24826a01a55259ededac43e7313376738e9a8935c52dcff86928b9abcb,4.875
byte0105.dat,Blake2b,1066ac407f884614a9f5c8a47ae93880706b461aa82a28b54b5ca9c7362fd8e348a80d2aa88fbbb75f3b5a74e22829ed0242f84c7f638bb5addf9ba97161a54f,5.695159765557392
byte0106.dat,MD5,dabda7a1cbaa8ea5104c57c8950b703a,4.0
byte0106.dat,SHA-1,cd4fdc35fac7e1adb5de40f47f256ef74d584959,4.321928094887363
byte0106.dat,SHA-256,9574545ba02bd75bb1dcf038884bf9d7892bc017215308f01ebba7932c014a62,4.75
byte0106.dat,SHA3-256,f1c7f099d98c7a37b8f55dae4e76cfac73fa6bcb16f69a7676e7f7eec2632a0b,4.851409765557392
byte0106.dat,Blake2b,6ce7e5554da50fd222a3192d94bd0925ac172e2e2cc458ea494d9d93bd66a75e10f21b52efb5c056368fc03071f2ff213964b7241e403b10b525c1b849300427,5.6875
byte0107.dat,MD5,076352a22ecea5ebc876812f62c1cb8d,4.0
byte0107.dat,SHA-1,8e6e273208ac256f9eccf296f3f5a37bc8a0f9f7,4.321928094887363
byte0107.dat,SHA-256,da685c53ddf810225507141759e3c74ffeaa1c5eecbe150386a83027e7014077,5.0
byte0107.dat,SHA3-256,0b3b6feb79ff575b08363ddfd7f8ba4bb93950a35298d28222b542c333ff53a2,4.9375
byte0107.dat,Blake2b,03e53398b1d9bf50bbc898a0ad0596637e6e12635970cfb4223f6b1499cdfdfc4aff1f878d54f9940948041b48bf25eba5c75527bcfaf5d983e129c83e300d12,5.78125
byte0108.dat,MD5,ee0a2bdec712a9413623d8a920714b96,3.875
byte0108.dat,SHA-1,fe0606100bdbc268db39b503e0fdfe3766185828,4.021928094887363
byte0108.dat,SHA-256,5c0769369e4fb9f9d9e599612923554fb2f1e6d87eaeed283f6106845b66b532,4.875
byte0108.dat,SHA3-256,a3059227922286ca98eaed11384c1fb9714609269359d889bbd8d357a96a0c94,4.875
byte0108.dat,Blake2b,d660e4ae9913e795c7b3ebf9a7b5cd74f315fea23faa9cb4c8c01f7446c6c92b29a029abdb452c2d8de1dfd7c0008b77fb92b9a3533f99dd055071cc40bba304,5.8125
byte0109.dat,MD5,a927c3a99f2843de4133377c690db9b7,3.875
byte0109.dat,SHA-1,6c63c3e58047bcdb35a17f74eeba4e9b14420809,4.321928094887363
byte0109.dat,SHA-256,19056a3d33ebe1b84a100c27fc72d0265ceeb9c573d7942a4d44983238d34ea7,5.0
byte0109.dat,SHA3-256,4011268a1068b87cfca9c249d83b0a13490280800c8aa2450dd8257be23f449f,4.75
byte0109.dat,Blake2b,02ac23411dc0b91327e42f60a0a66f83dd695f473edc0b0836d2de22f1bd18f7ea42bd569c8ceb34d914882838d274eb2121f53e5158ce956324085ef14b47be,5.75
byte0110.dat,MD5,1fa98cff485549d49799dc8cf987a8af,3.875
byte0110.dat,SHA-1,bcc2bd305f0bcda8cf2d478ef9fe080486cb265f,4.221928094887363
byte0110.dat,SHA-256,8a5e6e6cae30d4283fd70af96d9c53d8ea45ca48892d313981fe208b1384f0dc,5.0
byte0110.dat,SHA3-256,6222a016bea0be3412079756d42bbbe7bfb308390b1ad55a7c20aa23b45b62cd,4.8125
byte0110.dat,Blake2b,3df91726d857d9e6c67a5dc5e3d2d22918caea94c9fd105dc2a8fb433effcf3070ebfe260a608629f04b6d38f68c349f4160c53e9f845e7b3b98ffa007121369,5.71875
byte0111.dat,MD5,74013a076a786a26c7e04217bb51031d,3.875
byte0111.dat,SHA-1,ce5223fd3dd920a3b666481d5625b16457dcb5e8,4.321928094887363
byte0111.dat,SHA-256,880992dadfeccb31f289522214209eb87f41fea5fd3155ab274e9a6fdc6f9f64,4.875
byte0111.dat,SHA3-256,bd49f6fed2435290d1c077ce69e67e4edc7cf118f65ccbd547e48186beebcad6,4.9375
byte0111.dat,Blake2b,3719d3d08db50de4201a656e0e7e25a8cdeb32d6613e2e712e5cf42e6aef4b8c9c7de840e2a3179f0a27c1c601ae521b0879cd51db3fa274c7635c8adf822dd7,5.863204882778696
byte0112.dat,MD5,a44ca9661e967bb2e98af65277dac72f,4.0
byte0112.dat,SHA-1,948886776e42e4f5fae1b2d0c906ac3759e3f8b0,4.321928094887363
byte0112.dat,SHA-256,ea7a2b0e780fc6dc8843643a2bc18a17226a1bb3d9e1467cf0be2201decce2c7,4.875
byte0112.dat,SHA3-256,adfa1914c82f1893fe6b0894a3298474197ca6f74c1777e65fdeffa398224c20,4.8125
byte0112.dat,Blake2b,f4b5789cfff7aef38ca493568babbf4faaebbebf6ba61f90d9eb75bb38a70ea8f68c9fa84cf79447d60fc81490f24f5143bf4406b70ea8ffae0d0d6df285c766,5.538909765557392
byte0113.dat,MD5,d30897726b635548dbfa5cebffd9cd63,3.875
byte0113.dat,SHA-1,4c12a51fcfe242f832e3d7329304b11b75161efb,4.221928094887363
byte0113.dat,SHA-256,2077395cd7562dd5e9965ea620cedf32c805f50f748c4ee6e82af960c5ce2d66,4.8125
byte0113.dat,SHA3-256,94759e15ca55195461d49a5f819dec370ca8e4b0a4b10b7960f59f2ff9300b5f,4.875
byte0113.dat,Blake2b,99191fb9acd26655f9a635b270a04dd2bb0679d6af47c49869d4798326effa0e9b2305575fdbdd02c8a881ad27b0e21f86b6b8d357bafa81fc99033da67dfbb6,5.71875
byte0114.dat,MD5,4ad04a250b8029c9a7bf6529ee8793c3,3.75
byte0114.dat,SHA-1,c54bdd2050504d92f551d378ad5fc72c9ed03932,4.221928094887363
byte0114.dat,SHA-256,2dbdc632baa5d0831808518beb80e3737de5bbec3dd0438e75dd30b2ea7fbb90,4.875
byte0114.dat,SHA3-256,46f77b48f36c92d2cd26b5dd71c640c645afb27fee9ab87b63a3740f1bd52087,4.875
byte0114.dat,Blake2b,38f2d4d3f69c775eb03a0c652d0d23df2edab5432f3f01ab5e939dc10123cf976e73a424710119b67779fe81e6e2c66c346abee07258c8c67e6d204d2b8c4bec,5.800704882778696
byte0115.dat,MD5,de41e337d96fd23619121ea709861e1a,3.875
byte0115.dat,SHA-1,8f53e8fa79ea09fd1b682af5ed1515eca965604c,4.221928094887363
byte0115.dat,SHA-256,ced4cf34982e0abbef40e876659544c4ed01f1975351490984aaa429fef321b0,5.0
byte0115.dat,SHA3-256,ba9eb6bcd6926bd9de6976e1bf294ec171609d9fdd4ac5514d743db5091b5d1e,5.0
byte0115.dat,Blake2b,8fa6bcc80698f3595a72cde1de65dc4b0d1b6edc27da22b5314290d689b9f3cd7f3a615200b9ac92c143114b8c69848d625deaa6daefb137c51c32f391362a3a,5.706954882778696
byte0116.dat,MD5,18e070fd32cf732b9f37a0083320eec2,4.0
byte0116.dat,SHA-1,2d7e17f6294524ce78b33eab72cdd08e5ff6e313,4.221928094887363
byte0116.dat,SHA-256,69339b4534eecca329ef2af397ede2a882d7e315a871dd2b781b8e0f4277ee66,4.875
byte0116.dat,SHA3-256,477d79233aad79a1fdc274471171270555333d217550eb2bdec1707d4dfd94f6,4.75
byte0116.dat,Blake2b,2bd7b18e6271ba09547f1c4f5c16691ea874bbf40e2cdb888722bed984aa801144d28e930b929796d8610cc1946ce94999ff186fdf77af1b0616080542ccf4a3,5.90625
byte0117.dat,MD5,7dd4b27ca8906182f684d0ee4ddb98c4,4.0
byte0117.dat,SHA-1,64582b4b57f782c9302bfe7d07f74aa176627a3a,4.1219280948873624
byte0117.dat,SHA-256,79cfbb9b52e573e22cd3427ec258d69e2d19fd27de15df96ca9006ccebe7b58e,5.0
byte0117.dat,SHA3-256,6cbc8dad073f3409be7c17b168b34abd38d40e285a3083bfae4d997f7f2080ea,4.9375
byte0117.dat,Blake2b,1c85987ba15e40c78b4e79de900879a585d8d7a79cf4d2ef1c663bbbb16e7baaf86762391a878ca0ba220c0e7f471c30e9b366e6d13f426d1226cef6c05d4e39,5.738204882778696
byte0118.dat,MD5,70a440a8bd06ff40f6e9135946eb174d,3.875
byte0118.dat,SHA-1,6d88795b71d3e386bbd1eb830fb9f161ba98869f,4.221928094887363
byte0118.dat,SHA-256,1203d54626871bccfa8abb8bbd740b9af3c7266bc8490a210074d7f2b0806ae8,4.875
byte0118.dat,SHA3-256,ed127fe6e8793631b30fbae4b0dee61d751ce029063db7a201b95ad66df4472b,4.9375
byte0118.dat,Blake2b,1177af46013f23649487d45f08f7ad2053b90af1f2e2859aa755493800e2f2af98efa2ec8e6125d59262eb9230f84cca8b70233d17931f070e75f93ced81a590,5.84375
byte0119.dat,MD5,b8d052366e752ce7c803abd24854e934,4.0
byte0119.dat,SHA-1,86ad34a6463f12cee6de9596aba72f0df1397fd1,4.321928094887363
byte0119.dat,SHA-256,0c15140d3b5e4b180b0b1517a51fa08f82458c02185ef2bc59fae37543ef9011,4.75
byte0119.dat,SHA3-256,250edf0475e79ccd69f1da59c0a3b0ad870869f0b283e629f935317eaea89c3a,4.875
byte0119.dat,Blake2b,0c97e6b09a8841c1a4c56cdacaa58532a1739affb79401bfbc03dcabe04c313f6ec4af819598ef05bcfc56ab62a25d8166656f114e757bf883538fe949ccc988,5.84375
byte0120.dat,MD5,8ab9dfff746ce3e62c6e04feb7b48528,4.0
byte0120.dat,SHA-1,7eb46685a57c0d466152dc339c8122548c757ed1,4.221928094887363
byte0120.dat,SHA-256,ab71b18daceecc7c8fde7cf5f77eacf118262d760bcd383dd7bfa2170895d518,4.8125
byte0120.dat,SHA3-256,de421d0dfffdc3ae092550206827ea7365ecbbb990b82f00eab7149f8d2421c8,4.9375
byte0120.dat,Blake2b,c669cfb4b831122cb9d0d8db22e8fe0dac6ea7074ce15bcb6dac10c8b64e5c1261464c1f37cea05b498e75b1ec14efa5603b92ab31dc3fdf2706007af358dece,5.8125
byte0121.dat,MD5,ecfca8b371616efe78e9916dbf825f5b,4.0
byte0121.dat,SHA-1,e7a98fb0692684054407cc221abc60c199d6f52a,4.321928094887363
byte0121.dat,SHA-256,fa3174d3432fe38241a34a8387811b54c3d0f183468cef5cd6d3fb325b270b66,4.875
byte0121.dat,SHA3-256,1b71380bcb837ebc56487792827151d357906c0d13dcc5a15941dde25c5303c7,4.9375
byte0121.dat,Blake2b,96c44b671dd84fca18c1f795085d441308c979d98bd16b7abb79c5362e06c35bdd17950c6225239dabf34f795ddd8faa8652bf813434994e7d3ceb1f1fc69a06,5.675704882778696
byte0122.dat,MD5,5f76da828c37fc4edb4557953539c92a,4.0
byte0122.dat,SHA-1,34df1306662206fd0a5fc2969a4beec4eb0197f7,4.221928094887363
byte0122.dat,SHA-256,c13fd9ed22d33aa45f73748782e4dbb835d180dc0662e160c0a6c445c76f0c72,5.0
byte0122.dat,SHA3-256,8b4bc3f94c247eeda63fc293af92559655e35af9491e368201074442d3e00c62,4.875
byte0122.dat,Blake2b,9841a416cd5c21dd6e6ba5c122d0371104743b4ba973f7faac6a6b5187fbc0aaf7cf4719d5f9853c8e031f5c4b345f4decce633d9c93abd4aa884696f431b0f6,5.84375
byte0123.dat,MD5,ecad54f76ce3bc233e02fc6fd7f94628,4.0
byte0123.dat,SHA-1,56cf7ebf08d10f0cb9fe7ee3b63a5c3a02bcb450,4.1219280948873624
byte0123.dat,SHA-256,b88a842dc14c41c2b5bd74e48fdd2bd0d43cfeea1eb9b154bebfc4f03d8a102d,4.875
byte0123.dat,SHA3-256,d6bcba98208bc39559dc8761a5c35d9f184b1231c3b664b62ff538c26fc584c5,4.726409765557392
byte0123.dat,Blake2b,6b55bd04f18234b07779595625e336517d801e82fa545bb3a02e591e6bfeee3dc38d7b513c47122089a73de5793599895c82e2a2b403753867a5ec474848efdf,5.644454882778696
byte0124.dat,MD5,e8a1cc06bfec7f677f36a693e1342400,3.875
byte0124.dat,SHA-1,3bae5cb8226642088da760a6f78b0cf8eddea9f1,4.321928094887363
byte0124.dat,SHA-256,45ba1056e49828a0385b0b5f9e4933905973f15b2713fee1c1755e2a7a3e8d79,4.9375
byte0124.dat,SHA3-256,96784984d93b6c128bffaa865cf2cb9c85f28230be9fdb2d045a07bc0fd7d939,4.875
byte0124.dat,Blake2b,7dab51395a2e1665cccd23f3097a5c62c687ac5f47b5c57e1e2b5f993999130c8581f1a22c8a1c0b421160fe3e91bd86027d2ab5e765fa4fa58ff10bf8641bc9,5.75
byte0125.dat,MD5,9ad0fe040e44a8e7146c3dd8582b6752,4.0
byte0125.dat,SHA-1,6475df681e061fa506672c27cbabfa9aa6ddff62,4.221928094887363
byte0125.dat,SHA-256,a0d7d4fda9435ef292b761aed2c9fea576519437a824e96150a4324dcc757605,4.875
byte0125.dat,SHA3-256,c7a85996e93555afb4d1ddad7d75b474d2def7de108b19b7362330d88485beb1,4.875
byte0125.dat,Blake2b,6828bd1daeaf06e9b6e940f7a150e7f1ae9acec8b834c704fe398f9b402fdb822df1688736a3854eb15e95e96bfd3c04d3b0e18d17a747f36a5d1c3e038b94fd,5.738204882778696
byte0126.dat,MD5,4e56f978f94cf72158fd4311831b4f9f,3.875
byte0126.dat,SHA-1,79d81991fa4e4957c8062753439dbfd47bbb277d,4.221928094887363
byte0126.dat,SHA-256,7906439843a1c1758c232182eaa66d5e6bd5ad2fbc0157fdc5438e1038966dc4,4.788909765557392
byte0126.dat,SHA3-256,caf79a56f495089f4946a6481cad99f9c9dc69df4e78b330010e0e5bad17706b,4.875
byte0126.dat,Blake2b,944d379cd7d55614ec823cebd34b2c22ed670f04b549bba7c92b4f370c354a679b471acc66bcfc6fcb2f5b1f6b88425f84e4d2954aca37e5626ecbef2f8577a6,5.800704882778696
byte0127.dat,MD5,3b95686fe49f50006607d5978aaa3efc,4.0
byte0127.dat,SHA-1,bae224477b20302e881f5249f52ec6c34da8ecef,4.221928094887363
byte0127.dat,SHA-256,35e5a6c17906646cf15c2bed4884129b5134eb2b411400e4d8797126f51a4cb7,4.875
byte0127.dat,SHA3-256,8c3509b4d72afcd94f1404cf7e22077dafc5157aa45ecab182f956f92d4f5afa,4.875
byte0127.dat,Blake2b,0ac6f4c61ca55a2f4eb07a6b76a75ffdfc64d57a155da3a68d905cf8e452fd115e3f816ccadbc6fc2b3e73f617fe283b6665c4ff56c19cdad2709b2b62cc596a,5.800704882778696
byte0128.dat,MD5,fa354daecc45f14b82b0e7e567d24282,3.875
byte0128.dat,SHA-1,ede4deb4293cfe4138c2c056b7c46ff821cc0acc,4.221928094887363
byte0128.dat,SHA-256,d19ddbd98476519a07cd8917b95eb609e5b50e8088ad68cd7426e8139d5bffc2,4.875
byte0128.dat,SHA3-256,c33f603c416abc2e9532f5d5d52303bd3919789150ef8a41c4be0225d5b5cd06,4.788909765557392
byte0128.dat,Blake2b,3359529ef5e8afd341784fd37612cac8e786864e1dc011bf08a944abcbfaa50232ac7c069aaf20b7122e4d23ab7d4d995a6a3dae38fad7680543960f636cc282,5.78125
byte0129.dat,MD5,b7c30cf902e74c10e3d5c3af7e854f6b,3.875
byte0129.dat,SHA-1,a771fa5c812bd0c9596d869ec99e4f4ac988b13f,3.9841837197791894
byte0129.dat,SHA-256,cafea6a1183ca8934867692684194ce9903b375a8036c4c5deb8fb379c3423cb,4.9375
byte0129.dat,SHA3-256,b23aeafc35c024b52684f593e8745a6172b43c39181a4452647aceb70e322849,5.0
byte0129.dat,Blake2b,cb446788d8587f0267559379f244308794b760a4ce1c8c85c47bbd38aa92c05667b4cef04cd3e8f03f9a5d189d5e62c1bf4adb26836c40fcc44f0ac3c1c080bc,5.738204882778696
byte0130.dat,MD5,e9369a7ec98e63186bdae77025cb5519,4.0
byte0130.dat,SHA-1,e99d566212bbbceee903946f6100c9c96039a8f4,4.1219280948873624
byte0130.dat,SHA-256,7e4734ce7e22a515bfe60e296640dec121a089f75034240408fe7be2ed9e5c87,4.875
byte0130.dat,SHA3-256,55969bc1d0c70b24cf9861f6c15624cde7fa63338b919f0aa5a8cfdcb125b14a,4.75
byte0130.dat,Blake2b,905aeaf01340a297d2900cd287b09da9146e6e022aae7fa528950f67b11dabb5f3d3d0ca7821ee47b3f4e8e30e976b76dc2ae2ab53734bc91f2dc63cbd0c2bca,5.75
byte0131.dat,MD5,57b441e2f3397d2628657e636cd2fc80,4.0
byte0131.dat,SHA-1,b48ce6b1d13903e3925ae0c88cb931388c013f9c,4.0841837197791895
byte0131.dat,SHA-256,b09436c29cc3823c434a4689bb67a73a49164bd23ab40c4e04ed99320fd138d2,4.875
byte0131.dat,SHA3-256,3985c11afd1379a5032ae790e96ad638f918ec0c79c5a46513f4ee907d9d5396,4.8125
byte0131.dat,Blake2b,995916677dcaf95bb61d2f6eb62f15065ec107b93e5d29a6f08ffd193159ae953d099634045de0a51419db5557600fccdb7a136a74afe1928436249f20ea6742,5.78125
byte0132.dat,MD5,8ae3a1e880ffb884260ec26e8fcd71a5,4.0
byte0132.dat,SHA-1,e647d5baf670d4bf3afc0a6b72a2424b0c64f194,4.321928094887363
byte0132.dat,SHA-256,d6752f5e2738cbaa2e154b749216babc990297af411dfa2b66c9f942480ff4b9,5.0
byte0132.dat,SHA3-256,8f5a3125fccde7c80792c68a2d6a25a5eef23ba441c42a5301c24b5a76ffcff7,4.875
byte0132.dat,Blake2b,9d7fa1a9d7eeca14c09dc1fa61a780fb818a1da82ade925fa9a9b9793823ae8bdd4fae5e760fc7eb42e7257d4ac1407bfa950f71ccd65c3d6f8fe270e606f546,5.769454882778696
byte0133.dat,MD5,eb7d8f9199945e8a1e5c3708da45e08b,4.0
byte0133.dat,SHA-1,65c1cd932a06b05cd0b43afb3bc7891f6bcef45c,4.221928094887363
byte0133.dat,SHA-256,0f0cc4994a2a88f58cc38afdf61ff43952473c437d235cec426139c8f43ffb5a,4.875
byte0133.dat,SHA3-256,b554a46f8fd9aaea6bdd174f79292afb9b689be830f5411adfea58c09f0b80a5,4.875
byte0133.dat,Blake2b,099c2181facd2e53e42c56673422d2283557ac7cb481bc5a4811dc9452d5acc394f1ef7672647704f4f08c6669843640ab598628b7b9becaf66334f00686fdce,5.78125
byte0134.dat,MD5,d7dd1997c20a1029f9bd0fd1e2d2ed92,4.0
byte0134.dat,SHA-1,70ffae353a5cd0f8a65a8b2746d0f16281b25ec7,4.221928094887363
byte0134.dat,SHA-256,eb9dd875ecf9ec930b1482b8a50c337d48b31590f99cdfb80bbdd160ad4fb49b,4.75
byte0134.dat,SHA3-256,988363d180b4d36d4181f089302b5f5e7a35f96b235074d3b791d22875c28d14,4.9375
byte0134.dat,Blake2b,4de7c5a49f6c5d94f9a12694f6ec0d3252769046c1db969d1271c30ae55ba7108fefd09fe588e44c77624121a39acf76d2c1d75abfd3d10de1bf752af5214e2d,5.75
byte0135.dat,MD5,a986ef62ef378583985cf0d0a34d17d0,3.75
byte0135.dat,SHA-1,cc8221f2b829b8cf39646bf46888317c3eb378ea,4.221928094887363
byte0135.dat,SHA-256,ec7435c1c8e3eb1de2871cdc797bff6969b863e5b9fb005b3a7af4ff96680c63,4.8125
byte0135.dat,SHA3-256,cb022b8849d5b52d7ee003838a49db5885cf5ab2a69bcdd324b73cf882ef2651,4.9375
byte0135.dat,Blake2b,94e392578a42537051f10454150c24f514ce3f2e18a4554a5f2cb149d80f887352dd310ba9095912a2b06cd94bd40848694e9a2f1adc1c0bb42c4a8722670112,5.875
byte0136.dat,MD5,ad5bef0d6ad3434f871983ed09aaa43c,4.0
byte0136.dat,SHA-1,26accc2d6d51ff7bf3e5895588907765111bb69b,4.321928094887363
byte0136.dat,SHA-256,e5afd502015d80bb43ab7f92f138b35ce5fafa980c5fba78412ffcfa281f9d8d,4.788909765557392
byte0136.dat,SHA3-256,9d0a67771a310fec8b7ccf65dcdc420ff6d93807aeac4edb5c3c9d78906ebc9f,4.8125
byte0136.dat,Blake2b,08b7280a3377bce37784ba9b46e7bcef974fdd6de69b74a8fe1cc331d7c719b6a1422d25746baf159b91d627b5940b2b6a5a015f00f068f599bed2ccafb839a9,5.800704882778696
byte0137.dat,MD5,326f662a5c18a14d26c3d35131ea4b4e,4.0
byte0137.dat,SHA-1,01072915b8e868d9b28e759cf2bc1aea4bb92165,4.321928094887363
byte0137.dat,SHA-256,14e7975021e84497b4daf367f6861c79820308883c4e1254c038a7458a3f2913,4.9375
byte0137.dat,SHA3-256,4a28b34baf7f2cfdad83a1fd888b13b87e6379f0be7e95b1f0572316e5aa6964,4.8125
byte0137.dat,Blake2b,2b3b7233d2bbf40af86d2ea9758c2c430407111da9699f5cce01740b07db2d07fcf518db204c7dbc84952a4f1c0b59605fd43ff1a426609ba1d00c6a2e69fc0c,5.675704882778696
byte0138.dat,MD5,ea4bf919aebf4add0024d91ee6f640d0,4.0
byte0138.dat,SHA-1,3016115711d74236adf0c371e47992f87a428598,4.1219280948873624
byte0138.dat,SHA-256,bcefd79629a6d7a8afbf0c8ccfc2c5889f627989e71c3a212d900e3015e460fa,4.9375
byte0138.dat,SHA3-256,c76ddb4a4912c6058a9f2033dae43d1225063b5acf4de803055b21930bb421cf,4.75
byte0138.dat,Blake2b,93189b26f619d0ca7b0a2f045ecf2dc7041440cee48b33cfad007e8dac30b49b6521ccfc2e06d999e519cf3b7e54d2ec6b850df37fe0968773b0338e6e247bb4,5.706954882778696
byte0139.dat,MD5,9cc49e156084d2c757bd6d502bae8309,4.0
byte0139.dat,SHA-1,bf30417999c1368f008c1f19feca4d18a5e1c3c9,4.321928094887363
byte0139.dat,SHA-256,74661206cb19ec00619e1fcdcae443486adfa69a564672c9ee9f48f8ea35d5b2,4.9375
byte0139.dat,SHA3-256,faaa3f8d4cb37cbcb7c7468d0c0baef200dcbd570620b3be5968ac750abed996,4.8125
byte0139.dat,Blake2b,0c0badbf14000b2f57b9b6e4f948668189c7a560cb6550d55abcb3f99cea7f0b50727ce6bf7f78c0e6f84e01784438b66e6a7969cea43f848c57d68b2c78d948,5.601409765557392
byte0140.dat,MD5,9c18d4c75cc02337c277532ecea4b9fa,4.0
byte0140.dat,SHA-1,62ba49087185f2742c26e1c1f4844112178bf673,4.321928094887363
byte0140.dat,SHA-256,341bf4dff841088f3b902c2471b67b49498bda5c045e9befd58af93ade0a8df8,4.875
byte0140.dat,SHA3-256,70b1fd084ef52475bf5c6a9855a32186322e898e5cabf83d3eee783182665311,4.9375
byte0140.dat,Blake2b,c79333ee7ad284a11560b2ea944c92916167362ec85fa8688a1672a264b44d928ad23877aace5be358c940da831f62eead02e3325a1a716aa77a6614ebcabbd8,5.8125
byte0141.dat,MD5,4159a65b7db275742e998fb855e7b9f3,4.0
byte0141.dat,SHA-1,e1f6b9536f384dd3098285bbfd495a474140dc5a,4.221928094887363
byte0141.dat,SHA-256,e5239ecec9ea7737f614ebab502df1248c0a9a0183fc70441fd9ac88040846ce,4.9375
byte0141.dat,SHA3-256,79bf9b2e6b7f6367d8bf0ca6c6e2d619cc09e313409ad943c0a6ac070e1eaaaa,4.8125
byte0141.dat,Blake2b,aa5257842495e5681dacd1f12a0b7e69f94cd8eed8820d74c36fccd517c25905ea2c92a57d0034788ecfa777c7c519bbc1340ac0c70e65e71a5260e313fe606e,5.84375
byte0142.dat,MD5,df34d37f6b4ef078bd9570efdd8fd2e2,4.0
byte0142.dat,SHA-1,b522dae1d67726eba7c4136d4e2f6d6d645ac43e,3.9841837197791894
byte0142.dat,SHA-256,58e09b4047770bc998b86a4191b7a11eec6fc65bd5e5d0fb6f30d4b7ee0cd683,4.875
byte0142.dat,SHA3-256,dc3bf586017326377fae5cdecb1de37fd71ad8b98d28dcc170f6d43ad83550c5,4.8125
byte0142.dat,Blake2b,c6a1e41518c6aefb4db5d0e360a81d49bbc1c2a30bcc620fdf8c7ac0857a64544c563e17a815fa92b34de42c23042122a3b32d4981cc24ed684a13c629bb0f17,5.550704882778696
byte0143.dat,MD5,84d2c12c4f0c28d288464d33a23f227c,3.875
byte0143.dat,SHA-1,e9a021c3eb0b9f2c710554d4bf21b19f78e09478,4.021928094887363
byte0143.dat,SHA-256,9e01666f3284aec585338d0b452aa1712b9d1392c4a265a2ecfc9dc4cadd002b,4.75
byte0143.dat,SHA3-256,3735e4e03c29f02890eb58aa0c482309d56e004b54cbe7eb360ebed8f21a5b6f,4.9375
byte0143.dat,Blake2b,fa91659e9aacaba36a5503991577ee71f1f1d9104818364b19c3e78ba8a89d1eb103f4fff836758709e68e9006a8601237de2978257e5aeb6c17b755cc83aad5,5.800704882778696
byte0144.dat,MD5,17b55bbd4222066960e54182e1e95f0b,4.0
byte0144.dat,SHA-1,df13573188f3bf705e697a3e1f580145f2183377,4.321928094887363
byte0144.dat,SHA-256,33aa52b6be6991965ae18124232f108ec7b400528e848e5d8a8d7cf75783ee19,4.788909765557392
byte0144.dat,SHA3-256,a5ac74ced0f40b44d1b73f05f2332b7fbd33d54a9876d861d56ef69af1760f93,4.8125
byte0144.dat,Blake2b,70ec8bdcfcc52939daf95fd40b7d7e2d31109569a4b9d66ffb18ab8e7a006633bf6ca4ee5cad6dfaf0708526fb8357ffbd10b444b0ed9d71ee7eeca98b377e95,5.675704882778696
byte0145.dat,MD5,75eb69b22793852bc892ce264c421a1e,4.0
byte0145.dat,SHA-1,188835cfe52ecfa0c4135c2825f245dc29973970,4.221928094887363
byte0145.dat,SHA-256,f854ce37a0821dee06b616d2e86383271c91e09328f884dfef2107712d267601,4.9375
byte0145.dat,SHA3-256,fb372fb9750e201cfd2b516783ea14f8e61858d4610e9489f1962e690cc53a3d,4.9375
byte0145.dat,Blake2b,ff6790349860bdafc1a1c1783392afe1b8cb4ff3ed81128ec9828173f2cb572e0d5c47591fab2062079f9de329b56fe05dbc9904893cd9f98843cb7096700c3b,5.800704882778696
byte0146.dat,MD5,de4abe78e28e2718200c76237f2ed42f,4.0
byte0146.dat,SHA-1,41b615a34ee2cec9d84a91b141cfab115821950b,4.221928094887363
byte0146.dat,SHA-256,a58035c4921e7114b97fde8d4cf04224971d49fc6b23ed5d61a29e133684c809,5.0
byte0146.dat,SHA3-256,73e804020609d22360cd6c847b6a460464aecae83af279d9b5a79fb6bfafafc9,4.8125
byte0146.dat,Blake2b,e839ab75c0d104eb7fb4b26cf4a130c2a98048c0201564822336d163b46956a6e3bb4c0855a986af92a05b47428851d5121c9e10068c6c1ada1412e62bd51319,5.78125
byte0147.dat,MD5,1149c8fc988799f43f6e5069355e108b,4.0
byte0147.dat,SHA-1,ab3dd6221d2afe6613b815da1c389eec74aa0337,4.321928094887363
byte0147.dat,SHA-256,4d8963b832c44bab059a206f162890fff4eafd71e535a03609a67fe3c31de9e3,4.9375
byte0147.dat,SHA3-256,c3ce4f59d5c8c25c5167ad288e09e0b47ba2ff1fec37406a3be1184bbba16161,4.9375
byte0147.dat,Blake2b,60bb5f1109cd72ad1fedb0fcf0c07d5697fff14365f60bda91d46250a933a0b4ab5fed1af2fbb798c79b3ff1c73def79de901e94d88ffce579f4cd13aa07a0dd,5.75
byte0148.dat,MD5,4129891ff13ddd62820f6f3cdbfa95da,4.0
byte0148.dat,SHA-1,0706d414b4aa7fb4a9051aa70d6856a7264054fb,4.1219280948873624
byte0148.dat,SHA-256,6ebf98b52fc3c4e77257d176b47d10729baeec4066a9bc78a89d7d02af7ab2cf,4.875
byte0148.dat,SHA3-256,dc4a5f0cd5e710485be6b87d84b1120b3f61eba99a7db1bf283c0be3ad2a6081,4.8125
byte0148.dat,Blake2b,8fcfa554b0848108e5c1b6e1d22617ebcf92391139a80659e0f8fb34912c28b8169d37358a33f4588572ce5f573607c67972a18a5d796435dfaa71775447a919,5.78125
byte0149.dat,MD5,c8758df3c9ad4d311516ea39fe734052,4.0
byte0149.dat,SHA-1,3cbf8151f3a00b1d5a809cbb8c4f3135055a6bd1,4.221928094887363
byte0149.dat,SHA-256,366cd811c075198d1749db7075c4c333b6f347b64e44b3744ef28a3957a0feb1,4.8125
byte0149.dat,SHA3-256,43fb5e4c6ceae3d44faeec9dcd07d9a86e06d44d07f33ae9e04dea9828c3365c,4.75
byte0149.dat,Blake2b,b1a5f4a0eec29ec48bcd575a679fbdc0d1eddf184cd8cfc1cf892fd199631b00c0f3c188cd47ec27129dbcffd21520eef5b0923c84d746ba1f53a17b1fcb1725,5.78125
byte0150.dat,MD5,360ddf0b658fd764ef5ae9bf7a8a1a12,4.0
byte0150.dat,SHA-1,da5d6a0319272bbccea63acfa6799756ffda6840,4.1219280948873624
byte0150.dat,SHA-256,712157d7d59011c4bf1ee690217f4b0f855816e9bbee6b6aff277b9645340c9a,4.875
byte0150.dat,SHA3-256,06f2b676e1323c8ca55c980627c8a0cfdc2509179804aea5040dcbb5f96cf3a1,4.75
byte0150.dat,Blake2b,d566cf31619a82085a6edd0ace79def486ad0ed8f4db5396b712047e40715b675610adce1855a0e38fac0971cead7daa14f1c270b57e7e67baada464e10726e8,5.632659765557392
byte0151.dat,MD5,ad054e0e84e2b8e2b02ce4dee7688226,3.875
byte0151.dat,SHA-1,fb4429c95f6277b346d3b389413758dfffeedc98,4.221928094887363
byte0151.dat,SHA-256,1dc0a697f2a7c1da301b256e6822879f212beb56fbc7fe1b8e877ccd964c132a,4.875
byte0151.dat,SHA3-256,281dc07c83807ab468caa4b5a7c32509d1174fbb0110f995a712e115dc7ae12d,4.8125
byte0151.dat,Blake2b,cf11ab0cd6ce1ae9e1786f32d87a402ff3e67b64bad14f2c69c58ece7cfe0dec6700d82147eb5c2224f9be13f905dcf40ff9f0ba13f12d85f06cb3a18f67c23c,5.738204882778696
byte0152.dat,MD5,cb434f8c5fad9793ed142805afa861a0,4.0
byte0152.dat,SHA-1,2c6e30d9c895b42dcccfc84c906ec88c09b20de1,3.9841837197791894
byte0152.dat,SHA-256,6fb0514a46f06be4bc3798ae82fa6cf14103926f1969b3d70910a9c5d9589e58,4.875
byte0152.dat,SHA3-256,667d1e5f9e731af387d23f339e2640c2853fdaa8b93f5295fe8527210eea70da,4.663909765557392
byte0152.dat,Blake2b,bab1e9fbae86d50f4b668d785450dfa3554ab1438f404e79a1b3274986770be1bdb7e57faf2fe79ee27c9e03161e5f22ea32d5a46b5b36af2f2cc6c73508f75a,5.8125
byte0153.dat,MD5,83a3d5436f96cb2cb31d929794425f31,4.0
byte0153.dat,SHA-1,3de3189a5e19f225cdce254dff23dacd22c61363,4.1219280948873624
byte0153.dat,SHA-256,9731a6c8ef6c4d601781f231e5b17c0a5194495d5b01b27aefbb4cd857c0c7d1,4.875
byte0153.dat,SHA3-256,66c8b1014bd6bbc4ceeb14de63adae9bd53c60b646c17f7f3568c6fa08517885,4.9375
byte0153.dat,Blake2b,78bd94a3e82f314a5a1d2de24111ba5dbb399527ebe1b03a8e0c757cd44f1725435b0f9b676a63f0db165824af8665f9d5ab8af7241dea12811dae4897c497ba,5.831954882778696
byte0154.dat,MD5,34dde0f0fe7d4fdb359df1fccbf5fcde,3.875
byte0154.dat,SHA-1,93530a9bc9a817f6922518a73a1505c411d05da2,4.321928094887363
byte0154.dat,SHA-256,b18a49b7c4114fb94d16ffdce1e1677e6bde99bba443936af10cbedca6eeaf2a,4.875
byte0154.dat,SHA3-256,289e755a6af1a3382843cb5f432827609b8f1b2d8e7c55d34c4aeac488192520,4.788909765557392
byte0154.dat,Blake2b,ec2c1b1dc32f5b5d9e1d7d590ba0e9e60f471570d1607569b2dc8c6603beecab3fa8e1d7b37e83d7bfe4226fb4324698b486fd27c7508fac6e406e5446f8ae76,5.8125
byte0155.dat,MD5,7b77219e9549fad49e97c380f7e1f362,3.875
byte0155.dat,SHA-1,e31354345f832d31e05c1b842d405d4bd4588ec8,4.221928094887363
byte0155.dat,SHA-256,ce197d61ddae42c8b8447aa698b3e7e5d51d9f0cd2034bc64f1a9d1b2b18e3cd,5.0
byte0155.dat,SHA3-256,18812c554eec67769f2bda3dd5da3d08824711f0398c7820d7023057c9efd4f1,4.875
byte0155.dat,Blake2b,02d181a7d162fb2d654ea733c77c8d783d70bb818ad03d06e79a40829ec542ce9c8765619e42dcbe83ad0b77945f55bd817bae3e37f939e951d28d1756275581,5.625
byte0156.dat,MD5,053f4e89ae2355c5cb259d21e85eb9cd,4.0
byte0156.dat,SHA-1,3ff76957e80b60cf74d015ad431fca147b3af232,4.321928094887363
byte0156.dat,SHA-256,7d9a3aebb470990abb92303f0c2ce5d6c38f9a2198d8f1ae8ab7fbbbf007cc7d,4.8125
byte0156.dat,SHA3-256,83e5aa3bcf04c0426bb2304a7a4808c63b0ae2ae284de74219be8af29eb049b2,4.8125
byte0156.dat,Blake2b,3be70f4be51473e812fe1315645c8e028f73d919732ce9b266e5bf3e997056bc47c7587a7cbdd012a9b62af49049d70f3f576f700a078d7fc924218c397d9635,5.800704882778696
byte0157.dat,MD5,fc45c5118f642cc479e6a550756f1a4e,4.0
byte0157.dat,SHA-1,34ae3b806be143a84dce82e4b830eb7d3d2bac69,4.321928094887363
byte0157.dat,SHA-256,e52d8c79b31f45d4894e0948089da5fc236d33dd79a80d2304043e8c234cf88c,4.577819531114783
byte0157.dat,SHA3-256,16f70ce30253a73627b98be79aabe59ad94d5757f5a57c1218ed91d62b8c5fc7,4.875
byte0157.dat,Blake2b,bef3c0373966166f685d3fcbcaba28a943ff0b7cba41a3a56d467a70007add023cb864f3b9039f700888de70a96b1069c86922607077be7fc24e95ba41136140,5.613204882778696
byte0158.dat,MD5,0138351089a87a2ddc2d98255ce6b8cc,3.875
byte0158.dat,SHA-1,d7447e53d66bb5e4c26e8b41f83efd107bf4adda,4.321928094887363
byte0158.dat,SHA-256,b1870cae9e54cbe8ddd74782c98f6c9ec6eeb835e2765252530d71779685d4ea,4.875
byte0158.dat,SHA3-256,8994a428f17fc63b76048916dac0da77898d38d8ee402fdd2cf8ebb0b3ba5852,4.788909765557392
byte0158.dat,Blake2b,0c222432eb68aecf120299237450983ce2eec34ff0c89aed0752ac1a38f091e78f2e06bd819bb494d924bd4a03ee289aa2c48df5147884bc9b589df16cf5e87d,5.78125
byte0159.dat,MD5,1f3e42daa4b315f2a0e6a530e0cc6976,4.0
byte0159.dat,SHA-1,77dd2a4482705bc2e9dc96ec0a13395771ac850c,4.321928094887363
byte0159.dat,SHA-256,69850fe71261572f61d56863a7dc12aeda7931225d0eafb5b7b45aef7b6c8586,4.8125
byte0159.dat,SHA3-256,056773a434b64fe19338dc77716a2a5931891cf30ce51580cbf3a7fc47f2614d,4.9375
byte0159.dat,Blake2b,36f3ef7ace43b16ba9437c9bff8cf8462ff280418e781d3ab3a302ffda89764a397a3ab1e2a6a525e45ece543266671471d6925d36f3960e8d9fd9223df8eed1,5.71875
byte0160.dat,MD5,aec4974f238a6e04dcb07e20ad861230,4.0
byte0160.dat,SHA-1,eaa1465db1f59de3f25eb8629602b568e693bb57,4.321928094887363
byte0160.dat,SHA-256,18fdfb38e4f516734cef5de8cba84a54a17cdaf13228621dfcd806c5e822eccd,4.9375
byte0160.dat,SHA3-256,c21a68c0b0cf95423aafb0cf9ec30390b82cefb57d6823e95064de838b7f3c01,4.8125
byte0160.dat,Blake2b,2c0746b4c53ec2459c724a2037198c9d72bbf7110d57652899fc3c2e2472e4a7aef3f02ee58990c427a1b369810375d78b8513eaa25804e64ee17b6a70d99238,5.894454882778696
byte0161.dat,MD5,7a27fedaeec41b5832bda3169d76cd05,4.0
byte0161.dat,SHA-1,9329d5b40e0dc43aa25fed69a0fa9c211a948411,4.321928094887363
byte0161.dat,SHA-256,9db6e6591134181c2c19bbc57f24e11ea161165cde584e1f58c4df2fb5ee8c88,4.9375
byte0161.dat,SHA3-256,8bdab3b11e14879e8851407080c4948379b4c4de378f85f2e655cb64303458ee,4.9375
byte0161.dat,Blake2b,4edee04f9d9850b5193eb7d4db8a69a28f9feecb5fa2d2311124823e47fd7c90edcafbb3a6a5a76b94f884cc047f965056d6496f2c5716b9cfb342e2bc1b79d6,5.84375
byte0162.dat,MD5,154bd1371ae66ad3ab9a9ee6b1324e36,3.875
byte0162.dat,SHA-1,e94c0b6aa62aa08c625faf817ddf8f51ec645273,4.321928094887363
byte0162.dat,SHA-256,86eafcaf23edfef66753d664eaa7813b5a16d1abc01a95f74ae88a02e42cadfb,4.9375
byte0162.dat,SHA3-256,dadf18e6abf08bba8c173b379332a4d78c7312bd37fcaf066b2ffb32e7d0be3b,4.75
byte0162.dat,Blake2b,37408fc3f1d41180694bba6c6f2b10e39b4db35b16d0294634fb11b5058cb6166a01682b848e5a5dfadeb4f926fdeb4cfa2aebc2c7fef82416b4b7ebf50a04e2,5.726409765557392
byte0163.dat,MD5,a4594c9e974eed1fc159cc306dd7378a,3.875
byte0163.dat,SHA-1,7ff02b909d82ad668e31e547e0fb66cb8e213771,4.1219280948873624
byte0163.dat,SHA-256,7be29e433c7e17875c71eea08d10ada5a17eea25ead94d41cb1711e8fd204c06,4.8125
byte0163.dat,SHA3-256,ea4207c3f6faacc06b2c6de7dec02ab32d7d44b9dcc62f83e6169e2db215b04b,4.875
byte0163.dat,Blake2b,64ad1409434a9a97eab4b8c1daa5af0ce5b401230473a0bc473fc358e5c0a2899f8cc02623726398479d6ab689ed2b5dd2b1010e6b9561903618cbddb1c9f561,5.71875
byte0164.dat,MD5,431acd1a4a4d6036057c9906da8add5e,3.875
byte0164.dat,SHA-1,5bb3570858fa1744123bac2873b0bb9810f53fa1,4.321928094887363
byte0164.dat,SHA-256,c1f98aac0cfc98f30c3fa13fb8011b2a1d553e6c03edb8e2a35f47574237fc64,4.75
byte0164.dat,SHA3-256,817665c689b268a4ea3b82b15c43d3def15d590165203e26ea6f53c973915a5e,4.875
byte0164.dat,Blake2b,7a8ea58cc52e54bad22c525be92c6a20dbc514994e9c5a0eb0ae0d3652cd56fc11327dc6b3cc6cd0bfdb92fa6af308dd91b5fae13cf335f58a5edef497923e2a,5.75
byte0165.dat,MD5,f6afe47bdedf075c7e188b2640152cf7,4.0
byte0165.dat,SHA-1,905f43940b3591ce39d1145acb1eca80ab5e43cd,4.221928094887363
byte0165.dat,SHA-256,981571f9393463f49cd5352c024a8998d7b139bc8aec7a512101edb18a7e0954,4.75
byte0165.dat,SHA3-256,519dc5019a61effa88d9b2aec80fe1c1920e7625130383476df67b2af6ce284d,4.9375
byte0165.dat,Blake2b,98881e9a5fc12e187abbd94c462460e92a7072ffa876aad5f4898df20340f9a251ccce6ec5a64b0fe74e7d69d3a798fe9b1cb4a8cfbc10ca4ed529bbd55468ca,5.769454882778696
byte0166.dat,MD5,8bc3bd8625778f64ed7c29698025f292,3.875
byte0166.dat,SHA-1,336c79fbd82f33e490c577e3f791c3cbfe842aff,4.221928094887363
byte0166.dat,SHA-256,8628162a5c9d34c94e60027175f819e98a356832a3d3898a7f11b95e171e2a73,4.875
byte0166.dat,SHA3-256,b913cde746eea9d4b78d6fe397fddaeafac8dd25da52dce8cf16d8f198f7956b,4.9375
byte0166.dat,Blake2b,b3f2308ebb7d533c1595e0dc3b9e9344141f6df6dc39b40e7a30670c8317f8e6c7549a141985583b512905abd41e7430e11b80ea51982a3d3e0d8067ea9c1646,5.706954882778696
byte0167.dat,MD5,51f6bb4db8e6e61cc4333450c6035139,3.75
byte0167.dat,SHA-1,5c6d07a6b44f7a75a64f6ce592f3bae91e022210,4.1219280948873624
byte0167.dat,SHA-256,1c4530860ec79ab73b141a7e64b0de775192a002fa2f3832b6c24972797d5161,4.9375
byte0167.dat,SHA3-256,fdcdafe9c7a8d9e131c437c8063faa65d7a254812553c7ce66e95ce869e9892b,4.788909765557392
byte0167.dat,Blake2b,69fd1bd8cf3ef4eccff62ac54c3484ebf043dbb7a126761f00220b55b8e9e79657f40115cd93cba0693374e92438105a65d27484100d0e73a486dc11bb48f424,5.706954882778696
byte0168.dat,MD5,0baff1c675866bf259d3ac9417a33464,4.0
byte0168.dat,SHA-1,7e0d3e9d33127f4a30eb8d9c134a58409fa8695b,4.221928094887363
byte0168.dat,SHA-256,d97097c16c4d0cf169e61cde78e807cd318b8938992066bfe4e266e14146fbba,4.9375
byte0168.dat,SHA3-256,b534f74a8a600554bb2d9f15318827ae3b3ab500b7a28cee30be4687e87bbe60,4.8125
byte0168.dat,Blake2b,2a11fe5350f92ccace41dfa77d2a12c2d629613545b354eb3bf1fc54f509e5257a0c3b03028ddde7ca426aeae0de6e34b04b2207d5c6627fd8cd449054f23775,5.831954882778696
byte0169.dat,MD5,6e8a56a9a005c6c6239ccbdf48f59aa8,3.875
byte0169.dat,SHA-1,9a5f50dfcfb19286206c229019f0abf25283028c,4.321928094887363
byte0169.dat,SHA-256,3a18179cf693d234a8aa913b7362505533b414d60bf7eaf02427157759defaba,5.0
byte0169.dat,SHA3-256,45b5dd70998337eff37ef69d849ed58b90b11cd1e280c1e32aad8aea3023db22,5.0
byte0169.dat,Blake2b,a6576b61e83614570c6a9dd518675b5fe739731fac0dd278659f9016157312f27a9039aae0031a76b7afa151f8ffcd5057e3f8dc2e4e233f822e6f03ac91bdb8,5.706954882778696
byte0170.dat,MD5,6565bceb49f962f797f49084f3f819a1,3.875
byte0170.dat,SHA-1,dca737e269f9d8626d488988c996e06b352c0708,4.321928094887363
byte0170.dat,SHA-256,8ee61f98cea2659f5ab9d8ec444de3b3e843ab02baa7806e96230a64dee93774,5.0
byte0170.dat,SHA3-256,e78522fca0ce2464b918b3ff45b7c13662d6c2206c57f4a3d51bde33d1e2d9b4,5.0
byte0170.dat,Blake2b,aab114dfb6c6129568d662556ab7223013dab5a9a70b396d5189e312b30a883a2c60dbd931883cf34c4dbe6be30f9259e56596bbb86435a16d33d6168e8c4914,5.8125
byte0171.dat,MD5,2267037a7f3e753c653218fcf67ce9c7,4.0
byte0171.dat,SHA-1,b8ffc1d4972fce63241e0e77850ac46dde75dbfa,4.321928094887363
byte0171.dat,SHA-256,bc69420ce99aa58de5d5c9ae32c3528b02546347e8f85dca651187142bc2a40b,5.0
byte0171.dat,SHA3-256,4d9a60e526563fd44d8107627b897417bf40e0c304d6714200c5d704c0b86381,4.8125
byte0171.dat,Blake2b,a9ad97ead71d192d40e9d38d7d465d407e21ba7f5bb217b8fc1423e483175ed5b34d44cf3b87da9b9e23d7641b782180a48316e52df8872e4bff858b0f57a966,5.71875
byte0172.dat,MD5,aca1ae6237f498986991565b0307f0da,3.875
byte0172.dat,SHA-1,e9c9bf41c8549354151b977003ce1d830be667db,4.221928094887363
byte0172.dat,SHA-256,79b2d4da202168d2c6f7dbff6dba414f71e405731a287a23b58af903f9b1c770,4.9375
byte0172.dat,SHA3-256,3c68361be0b88c3f8f3b2e50ae65fee4e0a4e37160f1739ea6b0f8ea8e4991a7,4.9375
byte0172.dat,Blake2b,df0af68540733fb034e0dd91e03a047f685b3b5b754370b6bfbc133020db81f07c00930b472c3a232c0bcb103f0fd9cf6791fa9cd19c499779a90ee58b0ee108,5.71875
byte0173.dat,MD5,785bb09a5f25730a3aed4de12da4d9ea,4.0
byte0173.dat,SHA-1,0942908960b54f96cb43452e583f4f9cb66e398a,4.221928094887363
byte0173.dat,SHA-256,068c65431e6010461cd77e3d2859fbc978857d1195dc1506ab1b5c9344e1099f,4.9375
byte0173.dat,SHA3-256,a080f421e3ef7ee57df65f7a5c52ed41a804e148b3214f7825e8b526d7c19cf0,4.9375
byte0173.dat,Blake2b,2506ed5cdab9069bcd22ae02ce3addda5bc6f06085856ef8a1a75c165b3f8ab25cc898a4fc02392d2e422cd39c6e550972fc0b3349d90fd63646a1f69785a7cc,5.601409765557392
byte0174.dat,MD5,4eb5472f4e5243fcd4a76533789e829a,3.875
byte0174.dat,SHA-1,fce34051c34d4b81b85ddc4b543cde8007e284b3,4.221928094887363
byte0174.dat,SHA-256,918a1d14de8c5fa363fb3137cf5014020646a1a2235f78ef3ed0d034c74f5761,4.8125
byte0174.dat,SHA3-256,129ceef0d05e72807a7f91366c6919a813ed935bc80df10eeb01e659ce61be0b,5.0
byte0174.dat,Blake2b,19923e185d56104a2979f64af30f9ccbff9dcc7777dcc120ddb1039bb397ec986c9d6a7893dc523eb2fb6d6d89a4ddeeca384f57d80abc4bf2d7217427ba042c,5.78125
byte0175.dat,MD5,7d725ae9a8e569f49c56194226b64dee,4.0
byte0175.dat,SHA-1,61e8916532503627f4024d13884640a46f1d61d4,4.221928094887363
byte0175.dat,SHA-256,ef88b649d012178186dcf0244835232b5b7392e0c1f8f141f5107e9ead559e74,4.9375
byte0175.dat,SHA3-256,c1114ac9573138eca2837dfab4223a74bdb6848fafc85360d73037cb398901b9,5.0
byte0175.dat,Blake2b,bb11a48526c8307d3d27e74d1eba38fb204bf674167aee1c256c5f79b76f1fbaf5a8b17fdc702e1b628a1fcf17cd17a6c1400b696e95f9b0ed16c79c4c25c5e2,5.84375
byte0176.dat,MD5,7396f5d4491e79ec1ac0ce7a105bb233,4.0
byte0176.dat,SHA-1,f008d5d7853b6a17b7466cd9e18bd135e520faf4,4.321928094887363
byte0176.dat,SHA-256,326f14fc54954b73d704935b213dc797311f7c8fcd88c238c8ab767286dc3f94,5.0
byte0176.dat,SHA3-256,b196c0996188f863ff39d4e0458cfbb81782f4b6d95ee95664f884936ccaedb3,4.9375
byte0176.dat,Blake2b,795e768acaa3ff9d84e7b2ed4c8e66b3c8c453b39d15d0dce5bb179c815bff117899ce649cf37c79fddf0f8221f559dd44f1a9b3031787669284b2a115a7afd5,5.644454882778696
byte0177.dat,MD5,aa64644a4877da34e2197c5f2dc375c5,3.875
byte0177.dat,SHA-1,bd8d2e873cf659b5c77aac1616827ef8a3b1a3b3,4.1219280948873624
byte0177.dat,SHA-256,0087e37129b9a2d58b0987a218a3c1be67cb1e08142cbcf889aa617ca3e4640d,4.8125
byte0177.dat,SHA3-256,064a3d18179b2c8b8cacfadd1deb9e306668257b450634ef2b196914db0f29b6,4.9375
byte0177.dat,Blake2b,9ef7130f591496bf1ec6c7ef1042934e7b57ca6ac48b13b1015be4a5f390aecb54c40e2c7e86e409624ccac01a88c345e1b0b9c5365e3f2d52deb68c4a2d0a2a,5.84375
byte0178.dat,MD5,2165718fc24bf21f1c4e0623c8e8d811,4.0
byte0178.dat,SHA-1,b25a04dd425302ed211a1c2412d2410fa10c63b6,4.321928094887363
byte0178.dat,SHA-256,93294033c9de9361a3c6cc0df539e2e459f6d2babbbc0623859e18af0d0ccf4e,4.875
byte0178.dat,SHA3-256,1739beed25c316a1a6cf5dda02eeae014d056d27fd32ce3d4d1726ff22dc1f05,4.8125
byte0178.dat,Blake2b,362a75e49142a45444416dbae74d48402ac6e5ac3fd0d9ba565b255ada39affd72d71ea55cb8a7f3a013b6ded67108b199d4a8afbda7e968156633ee9f94a7b2,5.831954882778696
byte0179.dat,MD5,e1f45852024724f00ced7935e297983a,4.0
byte0179.dat,SHA-1,a404e21588123e0893718b4b44e91414a785b91f,4.221928094887363
byte0179.dat,SHA-256,49640215294d9263bc464538c3c29e42edea637d1427c2f04ebcd828d6fcb480,4.8125
byte0179.dat,SHA3-256,abb32df9cf22fb0a5d91b3562a7ab785612e41b9a7bdf8e0fe89a71180027f17,4.875
byte0179.dat,Blake2b,4db1060339ddca1fc6095065a6ce35812c4c244ea26892ac44a0ca0777b104729112ce3030edd144e774aa57a5676d356d077326db5063c0e21eb60f3c979158,5.6875
byte0180.dat,MD5,deac06cde1f6b18a53a2cf0b03998da2,3.875
byte0180.dat,SHA-1,a1e13bc55bf6dad83cf3aabda3287ad68681ea64,4.321928094887363
byte0180.dat,SHA-256,ce5cfa5b3b0485805cf5bcc8c24594a6b6fec9249698d317ce20bc84d857eafe,4.75
byte0180.dat,SHA3-256,677616ff6ef66735866567bc45bbc8043c28c289a3a37d58070c1ada485aa9d4,4.788909765557392
byte0180.dat,Blake2b,0cbd90fde302a6655f50ecd1fb9a62064eec91c1b7d1c2770b53cd42a37cc5fb988a15732f801de4a6a58fe876dc44852f60f98be3ee21a0ed2dfb91dc583fef,5.706954882778696
byte0181.dat,MD5,8371f0970efbc6099c50afbbd4f0e477,3.875
byte0181.dat,SHA-1,d5fd35ffabed6733c92365929df0fb4cae864d15,4.321928094887363
byte0181.dat,SHA-256,c9ac43870e02c7b36bb1e7ba3ce2e234507c0076f8a77494f268777edf5ebffc,4.9375
byte0181.dat,SHA3-256,f9b15404323ee13bf46587fcfc7720917fddb98e77c4a54b5a5a6099d4b7a439,4.8125
byte0181.dat,Blake2b,f35b758f9bc652dbaeb77ee424a4d8bd869f0354a9f1801bfbd6454a8f2f6988f588e2b1781e9857b375a03e8f3f06c752d95a1e3960197d2cf2fb526521c57b,5.726409765557392
byte0182.dat,MD5,985d909280bc20607f4cb4941ae535f2,4.0
byte0182.dat,SHA-1,c12e9c280ee9c079e0506ff89f9b20536e0a83ef,4.321928094887363
byte0182.dat,SHA-256,30eb195e3aad4c288af76c66e26c6096f5f7de1b56b43d638ab7119d73cfd214,4.8125
byte0182.dat,SHA3-256,fed0a86be1a069c8849c87f6a929eeb603c8f32401872f36b0d1d0f3dba1ae0d,4.75
byte0182.dat,Blake2b,53c58fd157399d72c3f627a077b7efc73f7ba9d166ab7be00bd1f276030493c89d2e38c6dca5398f9dbeaaf3d98089419e7f6cd5771ac7de8a5c4af4f5acc5ff,5.663909765557392
byte0183.dat,MD5,abcdd18a791546544b52c0587dbd6107,4.0
byte0183.dat,SHA-1,e22769dc00748a9bbd6c05bbc8e81f2cd1dc4e2d,4.221928094887363
byte0183.dat,SHA-256,338225e3b94025d2b327d72ed3d763a66856e1d1ebcb632bc4d8752000ad9966,4.8125
byte0183.dat,SHA3-256,b8cb00ed5df6d8f1996b948f5af324474a33087c943a092254995e2e6b4397cf,4.8125
byte0183.dat,Blake2b,c978861eec69091536c0e8397b4d3e26c3a39c0c1f6a769fc5c160e3afaa00539eae608e81c6038ae8e9bf6952d984ab7a07ae2beb638261f0a58c39a91c5561,5.8125
byte0184.dat,MD5,23e8b5a657c962a3e77979859ae1400e,3.875
byte0184.dat,SHA-1,f29835a93475740e888e8c14318f3ca45a3c8606,4.221928094887363
byte0184.dat,SHA-256,69b6cc0729b2d2877d46a08f3c251ae18f043949a33797c3027668b23c969d68,4.75
byte0184.dat,SHA3-256,57fe1d848e5455a006189d3145e2dc6b01ec251116cc5daebb6f28503f33fc21,5.0
byte0184.dat,Blake2b,94d1cbc49b49448fd72398400f00d8785f3ef57170a8eb76d165d90b4bcc4ad5f61f9d6d21ef304a216443fa71dcc138a327793397fc3568a33f59905863eb55,5.8125
byte0185.dat,MD5,cc4fab29cc180ffa888be396ce6aa6f5,3.875
byte0185.dat,SHA-1,1a1d77c6d0f97c4b620faa90f3f8644408e4b13d,4.321928094887363
byte0185.dat,SHA-256,3d35c10650a2da8413a2a11b8e7fb891af5da3a9763584caa6cd71bbe68de6ba,4.75
byte0185.dat,SHA3-256,c34be30b623a24c24378784fd679a6f0af6ff3dcc506ab4bc276f6cc6319874c,4.8125
byte0185.dat,Blake2b,6e6717b6d417f5bd0f7e650a7faa4ece25a3c8eef71fa80ecb6a98f85132c3f6c18a891472a74902601507c35d235431d79329e50cdcd0c47e35fe46b9368912,5.875
byte0186.dat,MD5,b553506daedf701ccdc437fbf3e6bbe4,4.0
byte0186.dat,SHA-1,4ec84870e9bdd25f523c6dfb6edd605052ca4eaa,4.1219280948873624
byte0186.dat,SHA-256,baf3bcf323f3e5b91649eeb5f1be977a8bd91915a66297a22fdb1a906d1a7e53,4.726409765557392
byte0186.dat,SHA3-256,bdbb2390c8812ed3d156cb5392ee8dd09e3081a07e5c23bf01c39ad1c280dfd7,4.8125
byte0186.dat,Blake2b,3ec1d57a191d4847da8fc3350a85dde9cc8e21d07fd424c6561d67e589d6dd25f05795484e953dc7d25a15388229fb2964bc8a1d9599fa819b3640f39b8e2353,5.695159765557392
byte0187.dat,MD5,d707ae093ab94607010ddda09fc8a5a8,3.875
byte0187.dat,SHA-1,d689513fed08b80c39b67371959bc4e3fecb0537,4.321928094887363
byte0187.dat,SHA-256,7fd9b3abc4684e6f8ee591bbac5a36c5060bb09ef7899690416e5300cc14fcd3,5.0
byte0187.dat,SHA3-256,491048b6434af9a4df37099e0d1e4b2321e42c7ebdbbd3ed5c70d08f00a15941,5.0
byte0187.dat,Blake2b,4a6b93e1cd7ee34ae3f8e1dc93204cb3961165c2b99ad7f3060a748fc3cfd60d19a8a7559b86378f626b94a4d6c468fd3964b4e4a2958bce133a1f396a3ab8cf,5.6875
byte0188.dat,MD5,76bdae04521ba996636c4dc431040031,3.75
byte0188.dat,SHA-1,c4fed58f209fc3c34ad19f86a6dacadc86c04d33,4.021928094887363
byte0188.dat,SHA-256,429e454c0cd5d874d7887f8f8def3390a6e54af783c102af6bc3c75c62f3661f,5.0
byte0188.dat,SHA3-256,fbef1eb8fc1cfcab4b59d679475a645ec531c21cacd7a7496415a55449d6d3b6,4.6875
byte0188.dat,Blake2b,d072b8ad4df1c9d9fdbbb3aa53bd271664fd1076de80bb67a8815b129e0c803e6f49512dc7e228548f352d8eaa09cf48fd58b20863869cea9160770e29ea7468,5.769454882778696
byte0189.dat,MD5,556c14fd0f3ff7bd6b435bd630e48811,4.0
byte0189.dat,SHA-1,051888c6d00029c176de792b84dece2dc1c74b00,4.021928094887363
byte0189.dat,SHA-256,0987d19048e10b925bcf394dfffcf259fc1a15e403673a80bfd4e7fd4f43cef0,4.9375
byte0189.dat,SHA3-256,04c57870dc6ec4e15fb11e635f676e38e429863f44d761d6c9814c0aa07795cd,4.875
byte0189.dat,Blake2b,78c6e3e48a117be5e884ff8375ea4a448b8846debfe9a5a0deea3648b1b68c1f15845226432de5c333c0638eecfd3cea082262be852d320d2ac6097e2b52e47c,5.706954882778696
byte0190.dat,MD5,b500501957d4b8b412ea0102c842dd5e,4.0
byte0190.dat,SHA-1,1a3540bee05518505827954f58b751c475aeece0,4.1219280948873624
byte0190.dat,SHA-256,fc774a081d9c93d52bb6a8d99a06ccd7bf32a10154d302524b8c5c5dc1b2969f,5.0
byte0190.dat,SHA3-256,33f643ebf37ec341c681d3c49c803f462cdad6082cefdb4c04547733cc4336d8,4.8125
byte0190.dat,Blake2b,2ccdc120bd8321c534cd15114177a19aa6f085ce0bce17665038a643bcd6ff9286f06505e640b67df8225c9a80b544bd846de63a85bc5b57e1b5cee30b650096,5.581954882778696
byte0191.dat,MD5,d18506a74c66e4d8537269c10c783923,4.0
byte0191.dat,SHA-1,dfa19180359d5a7a38e842f172359caf4208fc05,4.1219280948873624
byte0191.dat,SHA-256,6c6afa35f1aad6301dfde6c4ababe2da47d92033a9a41e84ca6f00e5eb29bc60,4.9375
byte0191.dat,SHA3-256,2b72f65cab4996214378247f28de80fb594e4eaa4853eff4c22e2396cd1f68b0,4.875
byte0191.dat,Blake2b,23f8e9466b01e61990f6d56d4e905e5b4a5896d1bdb8b60920385abce0901e09253921817a29e35981962998f7393385c49aa950bbf2b562199dbe86e8bb31bf,5.706954882778696
byte0192.dat,MD5,c9b4b691f4d88b7d2b4d5b770b05c8bf,4.0
byte0192.dat,SHA-1,7b0fa84ebbcff7d7f4500f73d79660c4a3431b67,4.1219280948873624
byte0192.dat,SHA-256,1e858dd15069f54478023c4d8518cd5aa814fb15c9eb8df45c44efbb050587ed,4.75
byte0192.dat,SHA3-256,bda5f02583f578bd2e1de25a4f47161cde7f161b302de87bbf3a853d71dcbc13,4.875
byte0192.dat,Blake2b,a8e0c1bc30eb4e909fce852e1d71bf222742dcfda275d0dd68bef0fcab815aa98950af8b77cf1e827887464527a1fb6942ed2c8a59c4720630a3e37ee06e237b,5.875
byte0193.dat,MD5,ba915c678f944fe5a480364ddc3382a8,4.0
byte0193.dat,SHA-1,9e886081c9acaad0f97b10810d1de6fcdce6b5f4,4.1219280948873624
byte0193.dat,SHA-256,5d73820315ebd00f0e419a7fe418ff109664add82a68387daffff4239a2c1b23,4.8125
byte0193.dat,SHA3-256,544319bb9a9aca76d72d7c1a2d091683387ab239a17d8d22fad7f5313561de9f,4.8125
byte0193.dat,Blake2b,ab457004d3867a26899a2cb02a3472e9c6f20af62fef6538012625faa9bc608e6bfc81b7f8903195e8319bf3bc871059c401c87328a652338cdf2bb728a1b974,5.8125
byte0194.dat,MD5,78134c91a1ffb2e21594daa2c2a932fc,4.0
byte0194.dat,SHA-1,a4d46e4ba0ae4b012f75b1b50d0534d578ae9cb6,4.1219280948873624
byte0194.dat,SHA-256,f7f4721be31524d014bacf105b06bacc4bdb953bc04d5a048e1fd4ddc395667e,4.875
byte0194.dat,SHA3-256,fcf6a3436ed6cdcf8d2c205629208ec5c489a0f63d5d72e6220ca318f93d6d73,4.75
byte0194.dat,Blake2b,45d1f938e358b2c57fd05f824bdd2f97deef8cee2f88a66d1c4cd5e94e90fb0231f71f04c7dd54310e7f21a06b533e37ce12bb8745f71fd748379490265eb47d,5.71875
byte0195.dat,MD5,6fc6c8790dfc301ee38b8b63e18def5c,3.875
byte0195.dat,SHA-1,6342b199ee64c7b2c9cbcd4f2dcb65acef51516f,4.1219280948873624
byte0195.dat,SHA-256,426cbfa5a10024c4f5deae9146222146c2d75a5bf13e8215c04d7dd17f455743,4.9375
byte0195.dat,SHA3-256,4b3ca257a8722ce13baffceb3d67252360824e959a7f89b87dac7711b830ce08,4.9375
byte0195.dat,Blake2b,a9d87b71001781eab479899f9fc1f543cfa9b419b91f06650e8713ec13c712e71e2bcf5c3f4493ac629b1d8fed0175a0e07052bb3d69a16d8e9dbaeac3e7a15b,5.75
