File,Algorithm,Standard Deviation
byte0000.dat,MD5,0.24206145913796356
byte0000.dat,SHA-1,0.26836818808308854
byte0000.dat,SHA-256,0.3423265984407288
byte0000.dat,SHA3-256,0.3644344934278313
byte0000.dat,Blake2b,0.4841229182759271
byte0001.dat,MD5,0.2724311839712921
byte0001.dat,SHA-1,0.26836818808308854
byte0001.dat,SHA-256,0.3423265984407288
byte0001.dat,SHA3-256,0.3535533905932738
byte0001.dat,Blake2b,0.5077524002897476
byte0002.dat,MD5,0.24206145913796356
byte0002.dat,SHA-1,0.26836818808308854
byte0002.dat,SHA-256,0.3535533905932738
byte0002.dat,SHA3-256,0.3535533905932738
byte0002.dat,Blake2b,0.5229125165837972
byte0003.dat,MD5,0.24206145913796356
byte0003.dat,SHA-1,0.32135880939379896
byte0003.dat,SHA-256,0.33071891388307384
byte0003.dat,SHA3-256,0.33071891388307384
byte0003.dat,Blake2b,0.4841229182759271
byte0004.dat,MD5,0.24206145913796356
byte0004.dat,SHA-1,0.28254908312539256
byte0004.dat,SHA-256,0.375
byte0004.dat,SHA3-256,0.33071891388307384
byte0004.dat,Blake2b,0.5303300858899106
byte0005.dat,MD5,0.24206145913796356
byte0005.dat,SHA-1,0.26836818808308854
byte0005.dat,SHA-256,0.3423265984407288
byte0005.dat,SHA3-256,0.3535533905932738
byte0005.dat,Blake2b,0.4921254921257382
byte0006.dat,MD5,0.24206145913796356
byte0006.dat,SHA-1,0.26836818808308854
byte0006.dat,SHA-256,0.3535533905932738
byte0006.dat,SHA3-256,0.3535533905932738
byte0006.dat,Blake2b,0.4921254921257382
byte0007.dat,MD5,0.24206145913796356
byte0007.dat,SHA-1,0.26836818808308854
byte0007.dat,SHA-256,0.385275875185561
byte0007.dat,SHA3-256,0.3423265984407288
byte0007.dat,Blake2b,0.5153882032022076
byte0008.dat,MD5,0.24206145913796356
byte0008.dat,SHA-1,0.26836818808308854
byte0008.dat,SHA-256,0.3423265984407288
byte0008.dat,SHA3-256,0.3644344934278313
byte0008.dat,Blake2b,0.4841229182759271
byte0009.dat,MD5,0.24206145913796356
byte0009.dat,SHA-1,0.2960514893983815
byte0009.dat,SHA-256,0.3423265984407288
byte0009.dat,SHA3-256,0.3535533905932738
byte0009.dat,Blake2b,0.4921254921257382
byte0010.dat,MD5,0.2724311839712921
byte0010.dat,SHA-1,0.28254908312539256
byte0010.dat,SHA-256,0.3644344934278313
byte0010.dat,SHA3-256,0.4050462936504913
byte0010.dat,Blake2b,0.4592793267718459
byte0011.dat,MD5,0.2724311839712921
byte0011.dat,SHA-1,0.26836818808308854
byte0011.dat,SHA-256,0.3423265984407288
byte0011.dat,SHA3-256,0.3423265984407288
byte0011.dat,Blake2b,0.46770717334674267
byte0012.dat,MD5,0.24206145913796356
byte0012.dat,SHA-1,0.26836818808308854
byte0012.dat,SHA-256,0.3423265984407288
byte0012.dat,SHA3-256,0.385275875185561
byte0012.dat,Blake2b,0.5153882032022076
byte0013.dat,MD5,0.2576941016011038
byte0013.dat,SHA-1,0.26836818808308854
byte0013.dat,SHA-256,0.3535533905932738
byte0013.dat,SHA3-256,0.3423265984407288
byte0013.dat,Blake2b,0.4841229182759271
byte0014.dat,MD5,0.2576941016011038
byte0014.dat,SHA-1,0.26836818808308854
byte0014.dat,SHA-256,0.3644344934278313
byte0014.dat,SHA3-256,0.33071891388307384
byte0014.dat,Blake2b,0.4841229182759271
byte0015.dat,MD5,0.24206145913796356
byte0015.dat,SHA-1,0.28254908312539256
byte0015.dat,SHA-256,0.3423265984407288
byte0015.dat,SHA3-256,0.375
byte0015.dat,Blake2b,0.5
byte0016.dat,MD5,0.2576941016011038
byte0016.dat,SHA-1,0.28254908312539256
byte0016.dat,SHA-256,0.3644344934278313
byte0016.dat,SHA3-256,0.375
byte0016.dat,Blake2b,0.46770717334674267
byte0017.dat,MD5,0.24206145913796356
byte0017.dat,SHA-1,0.26836818808308854
byte0017.dat,SHA-256,0.3423265984407288
byte0017.dat,SHA3-256,0.3644344934278313
byte0017.dat,Blake2b,0.5
byte0018.dat,MD5,0.2724311839712921
byte0018.dat,SHA-1,0.28254908312539256
byte0018.dat,SHA-256,0.33071891388307384
byte0018.dat,SHA3-256,0.3423265984407288
byte0018.dat,Blake2b,0.4759858191164943
byte0019.dat,MD5,0.2576941016011038
byte0019.dat,SHA-1,0.28254908312539256
byte0019.dat,SHA-256,0.3423265984407288
byte0019.dat,SHA3-256,0.3535533905932738
byte0019.dat,Blake2b,0.4759858191164943
byte0020.dat,MD5,0.2576941016011038
byte0020.dat,SHA-1,0.28254908312539256
byte0020.dat,SHA-256,0.3535533905932738
byte0020.dat,SHA3-256,0.33071891388307384
byte0020.dat,Blake2b,0.5
byte0021.dat,MD5,0.24206145913796356
byte0021.dat,SHA-1,0.26836818808308854
byte0021.dat,SHA-256,0.3423265984407288
byte0021.dat,SHA3-256,0.375
byte0021.dat,Blake2b,0.4841229182759271
byte0022.dat,MD5,0.2576941016011038
byte0022.dat,SHA-1,0.26836818808308854
byte0022.dat,SHA-256,0.3423265984407288
byte0022.dat,SHA3-256,0.375
byte0022.dat,Blake2b,0.4921254921257382
byte0023.dat,MD5,0.24206145913796356
byte0023.dat,SHA-1,0.26836818808308854
byte0023.dat,SHA-256,0.3535533905932738
byte0023.dat,SHA3-256,0.375
byte0023.dat,Blake2b,0.5376453291901642
byte0024.dat,MD5,0.2576941016011038
byte0024.dat,SHA-1,0.28254908312539256
byte0024.dat,SHA-256,0.3535533905932738
byte0024.dat,SHA3-256,0.3535533905932738
byte0024.dat,Blake2b,0.5229125165837972
byte0025.dat,MD5,0.24206145913796356
byte0025.dat,SHA-1,0.28254908312539256
byte0025.dat,SHA-256,0.3535533905932738
byte0025.dat,SHA3-256,0.3423265984407288
byte0025.dat,Blake2b,0.5229125165837972
byte0026.dat,MD5,0.24206145913796356
byte0026.dat,SHA-1,0.28254908312539256
byte0026.dat,SHA-256,0.3535533905932738
byte0026.dat,SHA3-256,0.414578098794425
byte0026.dat,Blake2b,0.4759858191164943
byte0027.dat,MD5,0.24206145913796356
byte0027.dat,SHA-1,0.28254908312539256
byte0027.dat,SHA-256,0.3535533905932738
byte0027.dat,SHA3-256,0.375
byte0027.dat,Blake2b,0.4841229182759271
byte0028.dat,MD5,0.24206145913796356
byte0028.dat,SHA-1,0.32135880939379896
byte0028.dat,SHA-256,0.3535533905932738
byte0028.dat,SHA3-256,0.375
byte0028.dat,Blake2b,0.4841229182759271
byte0029.dat,MD5,0.24206145913796356
byte0029.dat,SHA-1,0.26836818808308854
byte0029.dat,SHA-256,0.3423265984407288
byte0029.dat,SHA3-256,0.3644344934278313
byte0029.dat,Blake2b,0.5077524002897476
byte0030.dat,MD5,0.24206145913796356
byte0030.dat,SHA-1,0.26836818808308854
byte0030.dat,SHA-256,0.3535533905932738
byte0030.dat,SHA3-256,0.33071891388307384
byte0030.dat,Blake2b,0.4921254921257382
byte0031.dat,MD5,0.24206145913796356
byte0031.dat,SHA-1,0.26836818808308854
byte0031.dat,SHA-256,0.3535533905932738
byte0031.dat,SHA3-256,0.3423265984407288
byte0031.dat,Blake2b,0.46770717334674267
byte0032.dat,MD5,0.2576941016011038
byte0032.dat,SHA-1,0.28254908312539256
byte0032.dat,SHA-256,0.33071891388307384
byte0032.dat,SHA3-256,0.3644344934278313
byte0032.dat,Blake2b,0.5229125165837972
byte0033.dat,MD5,0.24206145913796356
byte0033.dat,SHA-1,0.26836818808308854
byte0033.dat,SHA-256,0.3535533905932738
byte0033.dat,SHA3-256,0.375
byte0033.dat,Blake2b,0.4921254921257382
byte0034.dat,MD5,0.24206145913796356
byte0034.dat,SHA-1,0.26836818808308854
byte0034.dat,SHA-256,0.3423265984407288
byte0034.dat,SHA3-256,0.3644344934278313
byte0034.dat,Blake2b,0.5
byte0035.dat,MD5,0.24206145913796356
byte0035.dat,SHA-1,0.3089643739575811
byte0035.dat,SHA-256,0.3535533905932738
byte0035.dat,SHA3-256,0.375
byte0035.dat,Blake2b,0.5077524002897476
byte0036.dat,MD5,0.24206145913796356
byte0036.dat,SHA-1,0.2960514893983815
byte0036.dat,SHA-256,0.3423265984407288
byte0036.dat,SHA3-256,0.3423265984407288
byte0036.dat,Blake2b,0.5
byte0037.dat,MD5,0.24206145913796356
byte0037.dat,SHA-1,0.26836818808308854
byte0037.dat,SHA-256,0.3644344934278313
byte0037.dat,SHA3-256,0.3423265984407288
byte0037.dat,Blake2b,0.5153882032022076
byte0038.dat,MD5,0.2576941016011038
byte0038.dat,SHA-1,0.28254908312539256
byte0038.dat,SHA-256,0.3423265984407288
byte0038.dat,SHA3-256,0.39528470752104744
byte0038.dat,Blake2b,0.5077524002897476
byte0039.dat,MD5,0.24206145913796356
byte0039.dat,SHA-1,0.26836818808308854
byte0039.dat,SHA-256,0.33071891388307384
byte0039.dat,SHA3-256,0.3535533905932738
byte0039.dat,Blake2b,0.5
byte0040.dat,MD5,0.24206145913796356
byte0040.dat,SHA-1,0.28254908312539256
byte0040.dat,SHA-256,0.3535533905932738
byte0040.dat,SHA3-256,0.33071891388307384
byte0040.dat,Blake2b,0.4841229182759271
byte0041.dat,MD5,0.24206145913796356
byte0041.dat,SHA-1,0.28254908312539256
byte0041.dat,SHA-256,0.3423265984407288
byte0041.dat,SHA3-256,0.3535533905932738
byte0041.dat,Blake2b,0.5153882032022076
byte0042.dat,MD5,0.24206145913796356
byte0042.dat,SHA-1,0.26836818808308854
byte0042.dat,SHA-256,0.3535533905932738
byte0042.dat,SHA3-256,0.3535533905932738
byte0042.dat,Blake2b,0.5448623679425842
byte0043.dat,MD5,0.28641098093474
byte0043.dat,SHA-1,0.26836818808308854
byte0043.dat,SHA-256,0.3644344934278313
byte0043.dat,SHA3-256,0.3535533905932738
byte0043.dat,Blake2b,0.5376453291901642
byte0044.dat,MD5,0.2576941016011038
byte0044.dat,SHA-1,0.26836818808308854
byte0044.dat,SHA-256,0.3535533905932738
byte0044.dat,SHA3-256,0.3535533905932738
byte0044.dat,Blake2b,0.4841229182759271
byte0045.dat,MD5,0.24206145913796356
byte0045.dat,SHA-1,0.26836818808308854
byte0045.dat,SHA-256,0.3535533905932738
byte0045.dat,SHA3-256,0.3535533905932738
byte0045.dat,Blake2b,0.5
byte0046.dat,MD5,0.24206145913796356
byte0046.dat,SHA-1,0.26836818808308854
byte0046.dat,SHA-256,0.3535533905932738
byte0046.dat,SHA3-256,0.3535533905932738
byte0046.dat,Blake2b,0.46770717334674267
byte0047.dat,MD5,0.2576941016011038
byte0047.dat,SHA-1,0.26836818808308854
byte0047.dat,SHA-256,0.3423265984407288
byte0047.dat,SHA3-256,0.3423265984407288
byte0047.dat,Blake2b,0.4921254921257382
byte0048.dat,MD5,0.24206145913796356
byte0048.dat,SHA-1,0.28254908312539256
byte0048.dat,SHA-256,0.3535533905932738
byte0048.dat,SHA3-256,0.3535533905932738
byte0048.dat,Blake2b,0.4921254921257382
byte0049.dat,MD5,0.24206145913796356
byte0049.dat,SHA-1,0.26836818808308854
byte0049.dat,SHA-256,0.3423265984407288
byte0049.dat,SHA3-256,0.3423265984407288
byte0049.dat,Blake2b,0.4921254921257382
byte0050.dat,MD5,0.24206145913796356
byte0050.dat,SHA-1,0.2960514893983815
byte0050.dat,SHA-256,0.3644344934278313
byte0050.dat,SHA3-256,0.3423265984407288
byte0050.dat,Blake2b,0.5229125165837972
byte0051.dat,MD5,0.24206145913796356
byte0051.dat,SHA-1,0.28254908312539256
byte0051.dat,SHA-256,0.33071891388307384
byte0051.dat,SHA3-256,0.3423265984407288
byte0051.dat,Blake2b,0.5153882032022076
byte0052.dat,MD5,0.24206145913796356
byte0052.dat,SHA-1,0.26836818808308854
byte0052.dat,SHA-256,0.33071891388307384
byte0052.dat,SHA3-256,0.3535533905932738
byte0052.dat,Blake2b,0.4841229182759271
byte0053.dat,MD5,0.24206145913796356
byte0053.dat,SHA-1,0.26836818808308854
byte0053.dat,SHA-256,0.3423265984407288
byte0053.dat,SHA3-256,0.3423265984407288
byte0053.dat,Blake2b,0.4592793267718459
byte0054.dat,MD5,0.24206145913796356
byte0054.dat,SHA-1,0.26836818808308854
byte0054.dat,SHA-256,0.3644344934278313
byte0054.dat,SHA3-256,0.33071891388307384
byte0054.dat,Blake2b,0.46770717334674267
byte0055.dat,MD5,0.24206145913796356
byte0055.dat,SHA-1,0.3089643739575811
byte0055.dat,SHA-256,0.3535533905932738
byte0055.dat,SHA3-256,0.3535533905932738
byte0055.dat,Blake2b,0.4921254921257382
byte0056.dat,MD5,0.24206145913796356
byte0056.dat,SHA-1,0.2960514893983815
byte0056.dat,SHA-256,0.375
byte0056.dat,SHA3-256,0.3644344934278313
byte0056.dat,Blake2b,0.5
byte0057.dat,MD5,0.2724311839712921
byte0057.dat,SHA-1,0.26836818808308854
byte0057.dat,SHA-256,0.3535533905932738
byte0057.dat,SHA3-256,0.39528470752104744
byte0057.dat,Blake2b,0.4759858191164943
byte0058.dat,MD5,0.2576941016011038
byte0058.dat,SHA-1,0.28254908312539256
byte0058.dat,SHA-256,0.33071891388307384
byte0058.dat,SHA3-256,0.3644344934278313
byte0058.dat,Blake2b,0.4921254921257382
byte0059.dat,MD5,0.2576941016011038
byte0059.dat,SHA-1,0.28254908312539256
byte0059.dat,SHA-256,0.3423265984407288
byte0059.dat,SHA3-256,0.3644344934278313
byte0059.dat,Blake2b,0.4759858191164943
byte0060.dat,MD5,0.2724311839712921
byte0060.dat,SHA-1,0.26836818808308854
byte0060.dat,SHA-256,0.33071891388307384
byte0060.dat,SHA3-256,0.3423265984407288
byte0060.dat,Blake2b,0.5229125165837972
byte0061.dat,MD5,0.2724311839712921
byte0061.dat,SHA-1,0.28254908312539256
byte0061.dat,SHA-256,0.3423265984407288
byte0061.dat,SHA3-256,0.3423265984407288
byte0061.dat,Blake2b,0.4921254921257382
byte0062.dat,MD5,0.2724311839712921
byte0062.dat,SHA-1,0.2960514893983815
byte0062.dat,SHA-256,0.3535533905932738
byte0062.dat,SHA3-256,0.3644344934278313
byte0062.dat,Blake2b,0.4921254921257382
byte0063.dat,MD5,0.24206145913796356
byte0063.dat,SHA-1,0.26836818808308854
byte0063.dat,SHA-256,0.33071891388307384
byte0063.dat,SHA3-256,0.3535533905932738
byte0063.dat,Blake2b,0.4759858191164943
byte0064.dat,MD5,0.24206145913796356
byte0064.dat,SHA-1,0.2960514893983815
byte0064.dat,SHA-256,0.4050462936504913
byte0064.dat,SHA3-256,0.3423265984407288
byte0064.dat,Blake2b,0.4841229182759271
byte0065.dat,MD5,0.2576941016011038
byte0065.dat,SHA-1,0.28254908312539256
byte0065.dat,SHA-256,0.33071891388307384
byte0065.dat,SHA3-256,0.3535533905932738
byte0065.dat,Blake2b,0.4841229182759271
byte0066.dat,MD5,0.2724311839712921
byte0066.dat,SHA-1,0.26836818808308854
byte0066.dat,SHA-256,0.3535533905932738
byte0066.dat,SHA3-256,0.3423265984407288
byte0066.dat,Blake2b,0.5153882032022076
byte0067.dat,MD5,0.2576941016011038
byte0067.dat,SHA-1,0.26836818808308854
byte0067.dat,SHA-256,0.375
byte0067.dat,SHA3-256,0.375
byte0067.dat,Blake2b,0.4841229182759271
byte0068.dat,MD5,0.24206145913796356
byte0068.dat,SHA-1,0.26836818808308854
byte0068.dat,SHA-256,0.33071891388307384
byte0068.dat,SHA3-256,0.33071891388307384
byte0068.dat,Blake2b,0.5229125165837972
byte0069.dat,MD5,0.2576941016011038
byte0069.dat,SHA-1,0.2960514893983815
byte0069.dat,SHA-256,0.33071891388307384
byte0069.dat,SHA3-256,0.33071891388307384
byte0069.dat,Blake2b,0.5
byte0070.dat,MD5,0.24206145913796356
byte0070.dat,SHA-1,0.26836818808308854
byte0070.dat,SHA-256,0.3535533905932738
byte0070.dat,SHA3-256,0.4050462936504913
byte0070.dat,Blake2b,0.5
byte0071.dat,MD5,0.24206145913796356
byte0071.dat,SHA-1,0.28254908312539256
byte0071.dat,SHA-256,0.3535533905932738
byte0071.dat,SHA3-256,0.385275875185561
byte0071.dat,Blake2b,0.5153882032022076
byte0072.dat,MD5,0.24206145913796356
byte0072.dat,SHA-1,0.26836818808308854
byte0072.dat,SHA-256,0.3644344934278313
byte0072.dat,SHA3-256,0.3535533905932738
byte0072.dat,Blake2b,0.5
byte0073.dat,MD5,0.29973947020704494
byte0073.dat,SHA-1,0.28254908312539256
byte0073.dat,SHA-256,0.3423265984407288
byte0073.dat,SHA3-256,0.33071891388307384
byte0073.dat,Blake2b,0.5
byte0074.dat,MD5,0.24206145913796356
byte0074.dat,SHA-1,0.28254908312539256
byte0074.dat,SHA-256,0.3535533905932738
byte0074.dat,SHA3-256,0.3535533905932738
byte0074.dat,Blake2b,0.5
byte0075.dat,MD5,0.2576941016011038
byte0075.dat,SHA-1,0.2960514893983815
byte0075.dat,SHA-256,0.3644344934278313
byte0075.dat,SHA3-256,0.3535533905932738
byte0075.dat,Blake2b,0.4921254921257382
byte0076.dat,MD5,0.2576941016011038
byte0076.dat,SHA-1,0.26836818808308854
byte0076.dat,SHA-256,0.3423265984407288
byte0076.dat,SHA3-256,0.3423265984407288
byte0076.dat,Blake2b,0.5229125165837972
byte0077.dat,MD5,0.24206145913796356
byte0077.dat,SHA-1,0.28254908312539256
byte0077.dat,SHA-256,0.33071891388307384
byte0077.dat,SHA3-256,0.3535533905932738
byte0077.dat,Blake2b,0.5
byte0078.dat,MD5,0.24206145913796356
byte0078.dat,SHA-1,0.26836818808308854
byte0078.dat,SHA-256,0.33071891388307384
byte0078.dat,SHA3-256,0.385275875185561
byte0078.dat,Blake2b,0.5153882032022076
byte0079.dat,MD5,0.24206145913796356
byte0079.dat,SHA-1,0.2960514893983815
byte0079.dat,SHA-256,0.375
byte0079.dat,SHA3-256,0.375
byte0079.dat,Blake2b,0.46770717334674267
byte0080.dat,MD5,0.24206145913796356
byte0080.dat,SHA-1,0.28254908312539256
byte0080.dat,SHA-256,0.3535533905932738
byte0080.dat,SHA3-256,0.3535533905932738
byte0080.dat,Blake2b,0.4921254921257382
byte0081.dat,MD5,0.24206145913796356
byte0081.dat,SHA-1,0.26836818808308854
byte0081.dat,SHA-256,0.3535533905932738
byte0081.dat,SHA3-256,0.3423265984407288
byte0081.dat,Blake2b,0.4759858191164943
byte0082.dat,MD5,0.24206145913796356
byte0082.dat,SHA-1,0.26836818808308854
byte0082.dat,SHA-256,0.3423265984407288
byte0082.dat,SHA3-256,0.33071891388307384
byte0082.dat,Blake2b,0.5
byte0083.dat,MD5,0.24206145913796356
byte0083.dat,SHA-1,0.28254908312539256
byte0083.dat,SHA-256,0.3423265984407288
byte0083.dat,SHA3-256,0.3644344934278313
byte0083.dat,Blake2b,0.4841229182759271
byte0084.dat,MD5,0.2576941016011038
byte0084.dat,SHA-1,0.28254908312539256
byte0084.dat,SHA-256,0.3644344934278313
byte0084.dat,SHA3-256,0.3535533905932738
byte0084.dat,Blake2b,0.5153882032022076
byte0085.dat,MD5,0.24206145913796356
byte0085.dat,SHA-1,0.26836818808308854
byte0085.dat,SHA-256,0.3535533905932738
byte0085.dat,SHA3-256,0.33071891388307384
byte0085.dat,Blake2b,0.4921254921257382
byte0086.dat,MD5,0.2576941016011038
byte0086.dat,SHA-1,0.26836818808308854
byte0086.dat,SHA-256,0.33071891388307384
byte0086.dat,SHA3-256,0.3535533905932738
byte0086.dat,Blake2b,0.4841229182759271
byte0087.dat,MD5,0.24206145913796356
byte0087.dat,SHA-1,0.26836818808308854
byte0087.dat,SHA-256,0.3423265984407288
byte0087.dat,SHA3-256,0.3644344934278313
byte0087.dat,Blake2b,0.4759858191164943
byte0088.dat,MD5,0.24206145913796356
byte0088.dat,SHA-1,0.26836818808308854
byte0088.dat,SHA-256,0.3423265984407288
byte0088.dat,SHA3-256,0.3423265984407288
byte0088.dat,Blake2b,0.4841229182759271
byte0089.dat,MD5,0.2724311839712921
byte0089.dat,SHA-1,0.26836818808308854
byte0089.dat,SHA-256,0.3644344934278313
byte0089.dat,SHA3-256,0.33071891388307384
byte0089.dat,Blake2b,0.5519850541454905
byte0090.dat,MD5,0.2576941016011038
byte0090.dat,SHA-1,0.2960514893983815
byte0090.dat,SHA-256,0.3535533905932738
byte0090.dat,SHA3-256,0.3535533905932738
byte0090.dat,Blake2b,0.5077524002897476
byte0091.dat,MD5,0.24206145913796356
byte0091.dat,SHA-1,0.26836818808308854
byte0091.dat,SHA-256,0.3644344934278313
byte0091.dat,SHA3-256,0.3535533905932738
byte0091.dat,Blake2b,0.5
byte0092.dat,MD5,0.24206145913796356
byte0092.dat,SHA-1,0.2960514893983815
byte0092.dat,SHA-256,0.3535533905932738
byte0092.dat,SHA3-256,0.3423265984407288
byte0092.dat,Blake2b,0.5
byte0093.dat,MD5,0.24206145913796356
byte0093.dat,SHA-1,0.26836818808308854
byte0093.dat,SHA-256,0.3423265984407288
byte0093.dat,SHA3-256,0.33071891388307384
byte0093.dat,Blake2b,0.4921254921257382
byte0094.dat,MD5,0.24206145913796356
byte0094.dat,SHA-1,0.26836818808308854
byte0094.dat,SHA-256,0.33071891388307384
byte0094.dat,SHA3-256,0.3644344934278313
byte0094.dat,Blake2b,0.5077524002897476
byte0095.dat,MD5,0.24206145913796356
byte0095.dat,SHA-1,0.28254908312539256
byte0095.dat,SHA-256,0.3423265984407288
byte0095.dat,SHA3-256,0.33071891388307384
byte0095.dat,Blake2b,0.4759858191164943
byte0096.dat,MD5,0.2576941016011038
byte0096.dat,SHA-1,0.2960514893983815
byte0096.dat,SHA-256,0.3535533905932738
byte0096.dat,SHA3-256,0.385275875185561
byte0096.dat,Blake2b,0.4921254921257382
byte0097.dat,MD5,0.24206145913796356
byte0097.dat,SHA-1,0.2960514893983815
byte0097.dat,SHA-256,0.3644344934278313
byte0097.dat,SHA3-256,0.3423265984407288
byte0097.dat,Blake2b,0.5153882032022076
byte0098.dat,MD5,0.24206145913796356
byte0098.dat,SHA-1,0.26836818808308854
byte0098.dat,SHA-256,0.3535533905932738
byte0098.dat,SHA3-256,0.3423265984407288
byte0098.dat,Blake2b,0.5376453291901642
byte0099.dat,MD5,0.2576941016011038
byte0099.dat,SHA-1,0.28254908312539256
byte0099.dat,SHA-256,0.3423265984407288
byte0099.dat,SHA3-256,0.3423265984407288
byte0099.dat,Blake2b,0.46770717334674267
byte0100.dat,MD5,0.2576941016011038
byte0100.dat,SHA-1,0.26836818808308854
byte0100.dat,SHA-256,0.3423265984407288
byte0100.dat,SHA3-256,0.3423265984407288
byte0100.dat,Blake2b,0.5077524002897476
byte0101.dat,MD5,0.24206145913796356
byte0101.dat,SHA-1,0.26836818808308854
byte0101.dat,SHA-256,0.3535533905932738
byte0101.dat,SHA3-256,0.3535533905932738
byte0101.dat,Blake2b,0.5077524002897476
byte0102.dat,MD5,0.24206145913796356
byte0102.dat,SHA-1,0.28254908312539256
byte0102.dat,SHA-256,0.3644344934278313
byte0102.dat,SHA3-256,0.385275875185561
byte0102.dat,Blake2b,0.4921254921257382
byte0103.dat,MD5,0.24206145913796356
byte0103.dat,SHA-1,0.26836818808308854
byte0103.dat,SHA-256,0.3644344934278313
byte0103.dat,SHA3-256,0.33071891388307384
byte0103.dat,Blake2b,0.5
byte0104.dat,MD5,0.24206145913796356
byte0104.dat,SHA-1,0.2960514893983815
byte0104.dat,SHA-256,0.375
byte0104.dat,SHA3-256,0.3535533905932738
byte0104.dat,Blake2b,0.46770717334674267
byte0105.dat,MD5,0.2576941016011038
byte0105.dat,SHA-1,0.28254908312539256
byte0105.dat,SHA-256,0.3423265984407288
byte0105.dat,SHA3-256,0.3535533905932738
byte0105.dat,Blake2b,0.5229125165837972
byte0106.dat,MD5,0.24206145913796356
byte0106.dat,SHA-1,0.26836818808308854
byte0106.dat,SHA-256,0.375
byte0106.dat,SHA3-256,0.3644344934278313
byte0106.dat,Blake2b,0.5153882032022076
byte0107.dat,MD5,0.24206145913796356
byte0107.dat,SHA-1,0.26836818808308854
byte0107.dat,SHA-256,0.33071891388307384
byte0107.dat,SHA3-256,0.3423265984407288
byte0107.dat,Blake2b,0.4921254921257382
byte0108.dat,MD5,0.2576941016011038
byte0108.dat,SHA-1,0.3089643739575811
byte0108.dat,SHA-256,0.3535533905932738
byte0108.dat,SHA3-256,0.3535533905932738
byte0108.dat,Blake2b,0.4841229182759271
byte0109.dat,MD5,0.2576941016011038
byte0109.dat,SHA-1,0.26836818808308854
byte0109.dat,SHA-256,0.33071891388307384
byte0109.dat,SHA3-256,0.375
byte0109.dat,Blake2b,0.5
byte0110.dat,MD5,0.2576941016011038
byte0110.dat,SHA-1,0.28254908312539256
byte0110.dat,SHA-256,0.33071891388307384
byte0110.dat,SHA3-256,0.3644344934278313
byte0110.dat,Blake2b,0.5077524002897476
byte0111.dat,MD5,0.2576941016011038
byte0111.dat,SHA-1,0.26836818808308854
byte0111.dat,SHA-256,0.3535533905932738
byte0111.dat,SHA3-256,0.3423265984407288
byte0111.dat,Blake2b,0.4759858191164943
byte0112.dat,MD5,0.24206145913796356
byte0112.dat,SHA-1,0.26836818808308854
byte0112.dat,SHA-256,0.3535533905932738
byte0112.dat,SHA3-256,0.3644344934278313
byte0112.dat,Blake2b,0.5590169943749475
byte0113.dat,MD5,0.2576941016011038
byte0113.dat,SHA-1,0.28254908312539256
byte0113.dat,SHA-256,0.3644344934278313
byte0113.dat,SHA3-256,0.3535533905932738
byte0113.dat,Blake2b,0.5077524002897476
byte0114.dat,MD5,0.2724311839712921
byte0114.dat,SHA-1,0.28254908312539256
byte0114.dat,SHA-256,0.3535533905932738
byte0114.dat,SHA3-256,0.3535533905932738
byte0114.dat,Blake2b,0.4921254921257382
byte0115.dat,MD5,0.2576941016011038
byte0115.dat,SHA-1,0.28254908312539256
byte0115.dat,SHA-256,0.33071891388307384
byte0115.dat,SHA3-256,0.33071891388307384
byte0115.dat,Blake2b,0.5153882032022076
byte0116.dat,MD5,0.24206145913796356
byte0116.dat,SHA-1,0.28254908312539256
byte0116.dat,SHA-256,0.3535533905932738
byte0116.dat,SHA3-256,0.375
byte0116.dat,Blake2b,0.4592793267718459
byte0117.dat,MD5,0.24206145913796356
byte0117.dat,SHA-1,0.2960514893983815
byte0117.dat,SHA-256,0.33071891388307384
byte0117.dat,SHA3-256,0.3423265984407288
byte0117.dat,Blake2b,0.5077524002897476
byte0118.dat,MD5,0.2576941016011038
byte0118.dat,SHA-1,0.28254908312539256
byte0118.dat,SHA-256,0.3535533905932738
byte0118.dat,SHA3-256,0.3423265984407288
byte0118.dat,Blake2b,0.4759858191164943
byte0119.dat,MD5,0.24206145913796356
byte0119.dat,SHA-1,0.26836818808308854
byte0119.dat,SHA-256,0.375
byte0119.dat,SHA3-256,0.3535533905932738
byte0119.dat,Blake2b,0.4759858191164943
byte0120.dat,MD5,0.24206145913796356
byte0120.dat,SHA-1,0.28254908312539256
byte0120.dat,SHA-256,0.3644344934278313
byte0120.dat,SHA3-256,0.3423265984407288
byte0120.dat,Blake2b,0.4841229182759271
byte0121.dat,MD5,0.24206145913796356
byte0121.dat,SHA-1,0.26836818808308854
byte0121.dat,SHA-256,0.3535533905932738
byte0121.dat,SHA3-256,0.3423265984407288
byte0121.dat,Blake2b,0.5229125165837972
byte0122.dat,MD5,0.24206145913796356
byte0122.dat,SHA-1,0.28254908312539256
byte0122.dat,SHA-256,0.33071891388307384
byte0122.dat,SHA3-256,0.3535533905932738
byte0122.dat,Blake2b,0.4759858191164943
byte0123.dat,MD5,0.24206145913796356
byte0123.dat,SHA-1,0.2960514893983815
byte0123.dat,SHA-256,0.3535533905932738
byte0123.dat,SHA3-256,0.385275875185561
byte0123.dat,Blake2b,0.5303300858899106
byte0124.dat,MD5,0.2576941016011038
byte0124.dat,SHA-1,0.26836818808308854
byte0124.dat,SHA-256,0.3423265984407288
byte0124.dat,SHA3-256,0.3535533905932738
byte0124.dat,Blake2b,0.5
byte0125.dat,MD5,0.24206145913796356
byte0125.dat,SHA-1,0.28254908312539256
byte0125.dat,SHA-256,0.3535533905932738
byte0125.dat,SHA3-256,0.3535533905932738
byte0125.dat,Blake2b,0.5077524002897476
byte0126.dat,MD5,0.2576941016011038
byte0126.dat,SHA-1,0.28254908312539256
byte0126.dat,SHA-256,0.375
byte0126.dat,SHA3-256,0.3535533905932738
byte0126.dat,Blake2b,0.4921254921257382
byte0127.dat,MD5,0.24206145913796356
byte0127.dat,SHA-1,0.28254908312539256
byte0127.dat,SHA-256,0.3535533905932738
byte0127.dat,SHA3-256,0.3535533905932738
byte0127.dat,Blake2b,0.4921254921257382
byte0128.dat,MD5,0.2576941016011038
byte0128.dat,SHA-1,0.28254908312539256
byte0128.dat,SHA-256,0.3535533905932738
byte0128.dat,SHA3-256,0.375
byte0128.dat,Blake2b,0.4921254921257382
byte0129.dat,MD5,0.2576941016011038
byte0129.dat,SHA-1,0.32135880939379896
byte0129.dat,SHA-256,0.3423265984407288
byte0129.dat,SHA3-256,0.33071891388307384
byte0129.dat,Blake2b,0.5077524002897476
byte0130.dat,MD5,0.24206145913796356
byte0130.dat,SHA-1,0.2960514893983815
byte0130.dat,SHA-256,0.3535533905932738
byte0130.dat,SHA3-256,0.375
byte0130.dat,Blake2b,0.5
byte0131.dat,MD5,0.24206145913796356
byte0131.dat,SHA-1,0.3089643739575811
byte0131.dat,SHA-256,0.3535533905932738
byte0131.dat,SHA3-256,0.3644344934278313
byte0131.dat,Blake2b,0.4921254921257382
byte0132.dat,MD5,0.24206145913796356
byte0132.dat,SHA-1,0.26836818808308854
byte0132.dat,SHA-256,0.33071891388307384
byte0132.dat,SHA3-256,0.3535533905932738
byte0132.dat,Blake2b,0.5
byte0133.dat,MD5,0.24206145913796356
byte0133.dat,SHA-1,0.28254908312539256
byte0133.dat,SHA-256,0.3535533905932738
byte0133.dat,SHA3-256,0.3535533905932738
byte0133.dat,Blake2b,0.4921254921257382
byte0134.dat,MD5,0.24206145913796356
byte0134.dat,SHA-1,0.28254908312539256
byte0134.dat,SHA-256,0.375
byte0134.dat,SHA3-256,0.3423265984407288
byte0134.dat,Blake2b,0.5
byte0135.dat,MD5,0.2724311839712921
byte0135.dat,SHA-1,0.28254908312539256
byte0135.dat,SHA-256,0.3644344934278313
byte0135.dat,SHA3-256,0.3423265984407288
byte0135.dat,Blake2b,0.46770717334674267
byte0136.dat,MD5,0.24206145913796356
byte0136.dat,SHA-1,0.26836818808308854
byte0136.dat,SHA-256,0.375
byte0136.dat,SHA3-256,0.3644344934278313
byte0136.dat,Blake2b,0.4921254921257382
byte0137.dat,MD5,0.24206145913796356
byte0137.dat,SHA-1,0.26836818808308854
byte0137.dat,SHA-256,0.3423265984407288
byte0137.dat,SHA3-256,0.3644344934278313
byte0137.dat,Blake2b,0.5229125165837972
byte0138.dat,MD5,0.24206145913796356
byte0138.dat,SHA-1,0.2960514893983815
byte0138.dat,SHA-256,0.3423265984407288
byte0138.dat,SHA3-256,0.375
byte0138.dat,Blake2b,0.5153882032022076
byte0139.dat,MD5,0.24206145913796356
byte0139.dat,SHA-1,0.26836818808308854
byte0139.dat,SHA-256,0.3423265984407288
byte0139.dat,SHA3-256,0.3644344934278313
byte0139.dat,Blake2b,0.5448623679425842
byte0140.dat,MD5,0.24206145913796356
byte0140.dat,SHA-1,0.26836818808308854
byte0140.dat,SHA-256,0.3535533905932738
byte0140.dat,SHA3-256,0.3423265984407288
byte0140.dat,Blake2b,0.4841229182759271
byte0141.dat,MD5,0.24206145913796356
byte0141.dat,SHA-1,0.28254908312539256
byte0141.dat,SHA-256,0.3423265984407288
byte0141.dat,SHA3-256,0.3644344934278313
byte0141.dat,Blake2b,0.4759858191164943
byte0142.dat,MD5,0.24206145913796356
byte0142.dat,SHA-1,0.32135880939379896
byte0142.dat,SHA-256,0.3535533905932738
byte0142.dat,SHA3-256,0.3644344934278313
byte0142.dat,Blake2b,0.5519850541454905
byte0143.dat,MD5,0.2576941016011038
byte0143.dat,SHA-1,0.3089643739575811
byte0143.dat,SHA-256,0.375
byte0143.dat,SHA3-256,0.3423265984407288
byte0143.dat,Blake2b,0.4921254921257382
byte0144.dat,MD5,0.24206145913796356
byte0144.dat,SHA-1,0.26836818808308854
byte0144.dat,SHA-256,0.375
byte0144.dat,SHA3-256,0.3644344934278313
byte0144.dat,Blake2b,0.5229125165837972
byte0145.dat,MD5,0.24206145913796356
byte0145.dat,SHA-1,0.28254908312539256
byte0145.dat,SHA-256,0.3423265984407288
byte0145.dat,SHA3-256,0.3423265984407288
byte0145.dat,Blake2b,0.4921254921257382
byte0146.dat,MD5,0.24206145913796356
byte0146.dat,SHA-1,0.28254908312539256
byte0146.dat,SHA-256,0.33071891388307384
byte0146.dat,SHA3-256,0.3644344934278313
byte0146.dat,Blake2b,0.4921254921257382
byte0147.dat,MD5,0.24206145913796356
byte0147.dat,SHA-1,0.26836818808308854
byte0147.dat,SHA-256,0.3423265984407288
byte0147.dat,SHA3-256,0.3423265984407288
byte0147.dat,Blake2b,0.5
byte0148.dat,MD5,0.24206145913796356
byte0148.dat,SHA-1,0.2960514893983815
byte0148.dat,SHA-256,0.3535533905932738
byte0148.dat,SHA3-256,0.3644344934278313
byte0148.dat,Blake2b,0.4921254921257382
byte0149.dat,MD5,0.24206145913796356
byte0149.dat,SHA-1,0.28254908312539256
byte0149.dat,SHA-256,0.3644344934278313
byte0149.dat,SHA3-256,0.375
byte0149.dat,Blake2b,0.4921254921257382
byte0150.dat,MD5,0.24206145913796356
byte0150.dat,SHA-1,0.2960514893983815
byte0150.dat,SHA-256,0.3535533905932738
byte0150.dat,SHA3-256,0.375
byte0150.dat,Blake2b,0.5519850541454905
byte0151.dat,MD5,0.2576941016011038
byte0151.dat,SHA-1,0.28254908312539256
byte0151.dat,SHA-256,0.3535533905932738
byte0151.dat,SHA3-256,0.3644344934278313
byte0151.dat,Blake2b,0.5077524002897476
byte0152.dat,MD5,0.24206145913796356
byte0152.dat,SHA-1,0.32135880939379896
byte0152.dat,SHA-256,0.3535533905932738
byte0152.dat,SHA3-256,0.39528470752104744
byte0152.dat,Blake2b,0.4841229182759271
byte0153.dat,MD5,0.24206145913796356
byte0153.dat,SHA-1,0.2960514893983815
byte0153.dat,SHA-256,0.3535533905932738
byte0153.dat,SHA3-256,0.3423265984407288
byte0153.dat,Blake2b,0.4841229182759271
byte0154.dat,MD5,0.2576941016011038
byte0154.dat,SHA-1,0.26836818808308854
byte0154.dat,SHA-256,0.3535533905932738
byte0154.dat,SHA3-256,0.375
byte0154.dat,Blake2b,0.4841229182759271
byte0155.dat,MD5,0.2576941016011038
byte0155.dat,SHA-1,0.28254908312539256
byte0155.dat,SHA-256,0.33071891388307384
byte0155.dat,SHA3-256,0.3535533905932738
byte0155.dat,Blake2b,0.5448623679425842
byte0156.dat,MD5,0.24206145913796356
byte0156.dat,SHA-1,0.26836818808308854
byte0156.dat,SHA-256,0.3644344934278313
byte0156.dat,SHA3-256,0.3644344934278313
byte0156.dat,Blake2b,0.4921254921257382
byte0157.dat,MD5,0.24206145913796356
byte0157.dat,SHA-1,0.26836818808308854
byte0157.dat,SHA-256,0.414578098794425
byte0157.dat,SHA3-256,0.3535533905932738
byte0157.dat,Blake2b,0.5519850541454905
byte0158.dat,MD5,0.2576941016011038
byte0158.dat,SHA-1,0.26836818808308854
byte0158.dat,SHA-256,0.3535533905932738
byte0158.dat,SHA3-256,0.375
byte0158.dat,Blake2b,0.4921254921257382
byte0159.dat,MD5,0.24206145913796356
byte0159.dat,SHA-1,0.26836818808308854
byte0159.dat,SHA-256,0.3644344934278313
byte0159.dat,SHA3-256,0.3423265984407288
byte0159.dat,Blake2b,0.5077524002897476
byte0160.dat,MD5,0.24206145913796356
byte0160.dat,SHA-1,0.26836818808308854
byte0160.dat,SHA-256,0.3423265984407288
byte0160.dat,SHA3-256,0.3644344934278313
byte0160.dat,Blake2b,0.46770717334674267
byte0161.dat,MD5,0.24206145913796356
byte0161.dat,SHA-1,0.26836818808308854
byte0161.dat,SHA-256,0.3423265984407288
byte0161.dat,SHA3-256,0.3423265984407288
byte0161.dat,Blake2b,0.4759858191164943
byte0162.dat,MD5,0.2576941016011038
byte0162.dat,SHA-1,0.26836818808308854
byte0162.dat,SHA-256,0.3423265984407288
byte0162.dat,SHA3-256,0.375
byte0162.dat,Blake2b,0.5153882032022076
byte0163.dat,MD5,0.2576941016011038
byte0163.dat,SHA-1,0.2960514893983815
byte0163.dat,SHA-256,0.3644344934278313
byte0163.dat,SHA3-256,0.3535533905932738
byte0163.dat,Blake2b,0.5077524002897476
byte0164.dat,MD5,0.2576941016011038
byte0164.dat,SHA-1,0.26836818808308854
byte0164.dat,SHA-256,0.375
byte0164.dat,SHA3-256,0.3535533905932738
byte0164.dat,Blake2b,0.5
byte0165.dat,MD5,0.24206145913796356
byte0165.dat,SHA-1,0.28254908312539256
byte0165.dat,SHA-256,0.375
byte0165.dat,SHA3-256,0.3423265984407288
byte0165.dat,Blake2b,0.5
byte0166.dat,MD5,0.2576941016011038
byte0166.dat,SHA-1,0.28254908312539256
byte0166.dat,SHA-256,0.3535533905932738
byte0166.dat,SHA3-256,0.3423265984407288
byte0166.dat,Blake2b,0.5153882032022076
byte0167.dat,MD5,0.2724311839712921
byte0167.dat,SHA-1,0.2960514893983815
byte0167.dat,SHA-256,0.3423265984407288
byte0167.dat,SHA3-256,0.375
byte0167.dat,Blake2b,0.5153882032022076
byte0168.dat,MD5,0.24206145913796356
byte0168.dat,SHA-1,0.28254908312539256
byte0168.dat,SHA-256,0.3423265984407288
byte0168.dat,SHA3-256,0.3644344934278313
byte0168.dat,Blake2b,0.4841229182759271
byte0169.dat,MD5,0.2576941016011038
byte0169.dat,SHA-1,0.26836818808308854
byte0169.dat,SHA-256,0.33071891388307384
byte0169.dat,SHA3-256,0.33071891388307384
byte0169.dat,Blake2b,0.5153882032022076
byte0170.dat,MD5,0.2576941016011038
byte0170.dat,SHA-1,0.26836818808308854
byte0170.dat,SHA-256,0.33071891388307384
byte0170.dat,SHA3-256,0.33071891388307384
byte0170.dat,Blake2b,0.4841229182759271
byte0171.dat,MD5,0.24206145913796356
byte0171.dat,SHA-1,0.26836818808308854
byte0171.dat,SHA-256,0.33071891388307384
byte0171.dat,SHA3-256,0.3644344934278313
byte0171.dat,Blake2b,0.5077524002897476
byte0172.dat,MD5,0.2576941016011038
byte0172.dat,SHA-1,0.28254908312539256
byte0172.dat,SHA-256,0.3423265984407288
byte0172.dat,SHA3-256,0.3423265984407288
byte0172.dat,Blake2b,0.5077524002897476
byte0173.dat,MD5,0.24206145913796356
byte0173.dat,SHA-1,0.28254908312539256
byte0173.dat,SHA-256,0.3423265984407288
byte0173.dat,SHA3-256,0.3423265984407288
byte0173.dat,Blake2b,0.5448623679425842
byte0174.dat,MD5,0.2576941016011038
byte0174.dat,SHA-1,0.28254908312539256
byte0174.dat,SHA-256,0.3644344934278313
byte0174.dat,SHA3-256,0.33071891388307384
byte0174.dat,Blake2b,0.4921254921257382
byte0175.dat,MD5,0.24206145913796356
byte0175.dat,SHA-1,0.28254908312539256
byte0175.dat,SHA-256,0.3423265984407288
byte0175.dat,SHA3-256,0.33071891388307384
byte0175.dat,Blake2b,0.4759858191164943
byte0176.dat,MD5,0.24206145913796356
byte0176.dat,SHA-1,0.26836818808308854
byte0176.dat,SHA-256,0.33071891388307384
byte0176.dat,SHA3-256,0.3423265984407288
byte0176.dat,Blake2b,0.5303300858899106
byte0177.dat,MD5,0.2576941016011038
byte0177.dat,SHA-1,0.2960514893983815
byte0177.dat,SHA-256,0.3644344934278313
byte0177.dat,SHA3-256,0.3423265984407288
byte0177.dat,Blake2b,0.4759858191164943
byte0178.dat,MD5,0.24206145913796356
byte0178.dat,SHA-1,0.26836818808308854
byte0178.dat,SHA-256,0.3535533905932738
byte0178.dat,SHA3-256,0.3644344934278313
byte0178.dat,Blake2b,0.4841229182759271
byte0179.dat,MD5,0.24206145913796356
byte0179.dat,SHA-1,0.28254908312539256
byte0179.dat,SHA-256,0.3644344934278313
byte0179.dat,SHA3-256,0.3535533905932738
byte0179.dat,Blake2b,0.5153882032022076
byte0180.dat,MD5,0.2576941016011038
byte0180.dat,SHA-1,0.26836818808308854
byte0180.dat,SHA-256,0.375
byte0180.dat,SHA3-256,0.375
byte0180.dat,Blake2b,0.5153882032022076
byte0181.dat,MD5,0.2576941016011038
byte0181.dat,SHA-1,0.26836818808308854
byte0181.dat,SHA-256,0.3423265984407288
byte0181.dat,SHA3-256,0.3644344934278313
byte0181.dat,Blake2b,0.5153882032022076
byte0182.dat,MD5,0.24206145913796356
byte0182.dat,SHA-1,0.26836818808308854
byte0182.dat,SHA-256,0.3644344934278313
byte0182.dat,SHA3-256,0.375
byte0182.dat,Blake2b,0.5303300858899106
byte0183.dat,MD5,0.24206145913796356
byte0183.dat,SHA-1,0.28254908312539256
byte0183.dat,SHA-256,0.3644344934278313
byte0183.dat,SHA3-256,0.3644344934278313
byte0183.dat,Blake2b,0.4841229182759271
byte0184.dat,MD5,0.2576941016011038
byte0184.dat,SHA-1,0.28254908312539256
byte0184.dat,SHA-256,0.375
byte0184.dat,SHA3-256,0.33071891388307384
byte0184.dat,Blake2b,0.4841229182759271
byte0185.dat,MD5,0.2576941016011038
byte0185.dat,SHA-1,0.26836818808308854
byte0185.dat,SHA-256,0.375
byte0185.dat,SHA3-256,0.3644344934278313
byte0185.dat,Blake2b,0.46770717334674267
byte0186.dat,MD5,0.24206145913796356
byte0186.dat,SHA-1,0.2960514893983815
byte0186.dat,SHA-256,0.385275875185561
byte0186.dat,SHA3-256,0.3644344934278313
byte0186.dat,Blake2b,0.5229125165837972
byte0187.dat,MD5,0.2576941016011038
byte0187.dat,SHA-1,0.26836818808308854
byte0187.dat,SHA-256,0.33071891388307384
byte0187.dat,SHA3-256,0.33071891388307384
byte0187.dat,Blake2b,0.5153882032022076
byte0188.dat,MD5,0.2724311839712921
byte0188.dat,SHA-1,0.3089643739575811
byte0188.dat,SHA-256,0.33071891388307384
byte0188.dat,SHA3-256,0.385275875185561
byte0188.dat,Blake2b,0.5
byte0189.dat,MD5,0.24206145913796356
byte0189.dat,SHA-1,0.3089643739575811
byte0189.dat,SHA-256,0.3423265984407288
byte0189.dat,SHA3-256,0.3535533905932738
byte0189.dat,Blake2b,0.5153882032022076
byte0190.dat,MD5,0.24206145913796356
byte0190.dat,SHA-1,0.2960514893983815
byte0190.dat,SHA-256,0.33071891388307384
byte0190.dat,SHA3-256,0.3644344934278313
byte0190.dat,Blake2b,0.5448623679425842
byte0191.dat,MD5,0.24206145913796356
byte0191.dat,SHA-1,0.2960514893983815
byte0191.dat,SHA-256,0.3423265984407288
byte0191.dat,SHA3-256,0.3535533905932738
byte0191.dat,Blake2b,0.5153882032022076
byte0192.dat,MD5,0.24206145913796356
byte0192.dat,SHA-1,0.2960514893983815
byte0192.dat,SHA-256,0.375
byte0192.dat,SHA3-256,0.3535533905932738
byte0192.dat,Blake2b,0.46770717334674267
byte0193.dat,MD5,0.24206145913796356
byte0193.dat,SHA-1,0.2960514893983815
byte0193.dat,SHA-256,0.3644344934278313
byte0193.dat,SHA3-256,0.3644344934278313
byte0193.dat,Blake2b,0.4841229182759271
byte0194.dat,MD5,0.24206145913796356
byte0194.dat,SHA-1,0.2960514893983815
byte0194.dat,SHA-256,0.3535533905932738
byte0194.dat,SHA3-256,0.375
byte0194.dat,Blake2b,0.5077524002897476
byte0195.dat,MD5,0.2576941016011038
byte0195.dat,SHA-1,0.2960514893983815
byte0195.dat,SHA-256,0.3423265984407288
byte0195.dat,SHA3-256,0.3423265984407288
byte0195.dat,Blake2b,0.5
